gender,race/ethnicity,parental level of education,test preparation course,math score,reading score,writing score,current_score,study_hours_per_week,attendance_rate,participation_level,homework_completion,extracurricular_activities,sleep_hours_per_night,internet_access,previous_grade
female,group B,bachelor's degree,none,72,72,74,72.67,13.7,100.0,high,often,yes,6.3,yes,C
female,group C,some college,completed,69,90,88,82.33,16.0,100.0,medium,always,no,7.4,yes,A
female,group B,master's degree,none,90,95,93,92.67,21.1,100.0,high,always,yes,7.3,yes,A
male,group A,associate's degree,none,47,57,44,49.33,5.6,92.1,low,rarely,no,5.1,yes,C
male,group C,some college,none,76,78,75,76.33,10.7,100.0,high,always,yes,7.2,yes,B
female,group B,associate's degree,none,71,83,78,77.33,11.2,95.7,low,always,yes,8.3,yes,B
female,group B,some college,completed,88,95,92,91.67,25.9,94.3,high,always,no,8.8,yes,B
male,group B,some college,none,40,43,39,40.67,2.7,77.5,low,rarely,yes,5.5,no,D
male,group D,high school,completed,64,64,67,65.0,7.8,92.5,low,often,yes,8.0,yes,B
female,group B,high school,none,38,60,50,49.33,2.0,92.8,medium,sometimes,no,5.1,yes,C
male,group C,associate's degree,none,58,54,52,54.67,8.9,90.7,low,rarely,yes,5.7,yes,D
male,group D,associate's degree,none,40,52,43,45.0,9.1,84.4,low,sometimes,no,6.1,yes,D
female,group B,high school,none,65,81,73,73.0,15.2,92.9,low,sometimes,yes,7.3,yes,B
male,group A,some college,completed,78,72,70,73.33,19.1,89.4,medium,always,yes,6.2,yes,A
female,group A,master's degree,none,50,53,58,53.67,9.4,94.1,medium,sometimes,no,5.4,no,D
female,group C,some high school,none,69,75,78,74.0,18.1,100.0,medium,sometimes,yes,6.9,no,C
male,group C,high school,none,88,89,86,87.67,15.1,99.4,high,always,yes,7.7,no,A
female,group B,some high school,none,18,32,28,26.0,6.2,82.7,low,sometimes,no,5.5,yes,D
male,group C,master's degree,completed,46,42,46,44.67,4.3,75.6,low,rarely,yes,5.6,no,C
female,group C,associate's degree,none,54,58,61,57.67,6.4,89.0,high,sometimes,no,6.5,yes,D
male,group D,high school,none,66,69,63,66.0,8.7,94.6,medium,sometimes,yes,7.7,yes,B
female,group B,some college,completed,65,75,70,70.0,10.4,95.2,medium,sometimes,no,6.5,yes,A
male,group D,some college,none,44,54,53,50.33,7.5,84.5,high,rarely,yes,5.2,no,F
female,group C,some high school,none,69,73,73,71.67,12.6,97.1,high,often,no,6.5,yes,C
male,group D,bachelor's degree,completed,74,71,80,75.0,19.0,97.7,medium,often,no,8.8,no,B
male,group A,master's degree,none,73,74,72,73.0,16.4,86.0,low,always,no,6.0,yes,B
male,group B,some college,none,69,54,55,59.33,5.1,83.0,medium,sometimes,no,5.4,yes,C
female,group C,bachelor's degree,none,67,69,75,70.33,13.3,98.4,medium,always,no,7.1,yes,B
male,group C,high school,none,70,70,65,68.33,7.7,87.7,high,sometimes,no,7.3,yes,C
female,group D,master's degree,none,62,70,75,69.0,10.8,92.9,low,often,yes,6.0,yes,B
female,group D,some college,none,69,74,74,72.33,19.4,100.0,high,often,yes,7.9,yes,C
female,group B,some college,none,63,65,61,63.0,14.6,98.1,low,sometimes,no,6.6,yes,C
female,group E,master's degree,none,56,72,65,64.33,14.4,95.4,medium,rarely,no,8.0,yes,C
male,group D,some college,none,40,42,38,40.0,9.0,88.1,low,sometimes,yes,5.6,no,F
male,group E,some college,none,97,87,82,88.67,32.3,100.0,high,always,no,8.3,yes,B
male,group E,associate's degree,completed,81,81,79,80.33,18.9,93.5,high,sometimes,yes,7.1,yes,A
female,group D,associate's degree,none,74,81,83,79.33,12.9,98.3,low,sometimes,no,7.7,yes,B
female,group D,some high school,none,50,64,59,57.67,12.7,83.5,medium,rarely,yes,6.1,yes,D
female,group D,associate's degree,completed,75,90,88,84.33,17.3,100.0,high,often,no,7.5,yes,A
male,group B,associate's degree,none,57,56,57,56.67,5.3,98.1,high,sometimes,no,5.3,yes,C
male,group C,associate's degree,none,55,61,54,56.67,10.5,93.2,medium,sometimes,no,6.5,yes,D
female,group C,associate's degree,none,58,73,68,66.33,9.2,87.1,medium,often,yes,6.2,yes,B
female,group B,associate's degree,none,53,58,65,58.67,13.6,93.6,medium,rarely,no,5.9,yes,D
male,group B,some college,completed,59,65,66,63.33,9.0,93.4,medium,rarely,yes,7.3,yes,D
female,group E,associate's degree,none,50,56,54,53.33,7.3,81.0,low,sometimes,yes,6.2,no,D
male,group B,associate's degree,none,65,54,57,58.67,8.9,92.4,medium,sometimes,no,5.8,no,F
female,group A,associate's degree,completed,55,65,62,60.67,7.0,81.6,low,rarely,yes,7.4,yes,C
female,group C,high school,none,66,71,76,71.0,18.4,84.1,high,often,yes,7.4,yes,C
female,group D,associate's degree,completed,57,74,76,69.0,12.4,99.1,medium,rarely,no,7.6,no,C
male,group C,high school,completed,82,84,82,82.67,13.7,100.0,high,always,no,7.9,yes,B
male,group E,some college,none,53,55,48,52.0,2.8,95.4,medium,sometimes,yes,6.8,yes,C
male,group E,associate's degree,completed,77,69,68,71.33,19.1,85.6,medium,always,no,7.1,yes,B
male,group C,some college,none,53,44,42,46.33,4.3,82.0,low,sometimes,no,6.6,yes,D
male,group D,high school,none,88,78,75,80.33,10.6,97.8,high,always,yes,7.2,yes,B
female,group C,some high school,completed,71,84,87,80.67,16.2,88.9,medium,always,yes,8.6,yes,A
female,group C,high school,none,33,41,43,39.0,2.7,92.7,low,rarely,no,6.9,no,D
female,group E,associate's degree,completed,82,85,86,84.33,13.8,89.8,high,often,yes,8.8,yes,A
male,group D,associate's degree,none,52,55,49,52.0,2.1,86.7,low,rarely,yes,6.3,yes,D
male,group D,some college,completed,58,59,58,58.33,14.6,86.9,low,often,yes,6.9,yes,F
female,group C,some high school,none,0,17,10,9.0,2.3,80.8,low,sometimes,yes,6.1,no,D
male,group E,bachelor's degree,completed,79,74,72,75.0,16.3,98.9,medium,always,yes,8.8,yes,B
male,group A,some high school,none,39,39,34,37.33,9.6,90.2,low,sometimes,yes,5.4,yes,D
male,group A,associate's degree,none,62,61,55,59.33,10.8,81.3,high,often,no,6.1,yes,F
female,group C,associate's degree,none,69,80,71,73.33,16.8,87.7,high,always,no,7.5,yes,B
female,group D,some high school,none,59,58,59,58.67,14.3,96.9,low,rarely,yes,6.6,no,C
male,group B,some high school,none,67,64,61,64.0,10.9,89.0,high,often,no,6.9,yes,C
male,group D,some high school,none,45,37,37,39.67,2.5,90.5,medium,sometimes,no,6.1,yes,F
female,group C,some college,none,60,72,74,68.67,13.5,87.8,medium,rarely,no,7.2,yes,C
male,group B,associate's degree,none,61,58,56,58.33,11.2,86.6,low,sometimes,no,6.5,yes,F
female,group C,associate's degree,none,39,64,57,53.33,6.4,89.0,high,rarely,yes,5.1,yes,D
female,group D,some college,completed,58,63,73,64.67,12.0,85.8,low,rarely,yes,7.2,yes,C
male,group D,some college,completed,63,55,63,60.33,14.0,87.1,medium,often,yes,7.2,no,D
female,group A,associate's degree,none,41,51,48,46.67,3.2,94.1,low,rarely,no,7.0,yes,D
male,group C,some high school,none,61,57,56,58.0,11.3,84.1,low,rarely,yes,5.3,yes,D
male,group C,some high school,none,49,49,41,46.33,3.5,82.4,medium,rarely,no,5.3,yes,C
male,group B,associate's degree,none,44,41,38,41.0,3.4,79.2,low,rarely,yes,5.9,yes,D
male,group E,some high school,none,30,26,22,26.0,6.0,82.5,low,sometimes,no,5.2,no,F
male,group A,bachelor's degree,completed,80,78,81,79.67,10.6,92.1,high,always,yes,7.4,yes,B
female,group D,some high school,completed,61,74,72,69.0,11.2,90.4,medium,often,yes,6.5,yes,D
female,group E,master's degree,none,62,68,68,66.0,10.1,92.6,low,sometimes,no,6.5,yes,C
female,group B,associate's degree,none,47,49,50,48.67,2.2,82.7,low,rarely,yes,6.8,yes,D
male,group B,high school,none,49,45,45,46.33,8.3,85.4,low,rarely,no,6.5,yes,C
male,group A,some college,completed,50,47,54,50.33,4.3,84.0,medium,rarely,yes,7.0,yes,C
male,group E,associate's degree,none,72,64,63,66.33,6.0,85.2,medium,rarely,yes,6.6,yes,D
male,group D,high school,none,42,39,34,38.33,2.6,83.3,low,sometimes,yes,5.8,no,F
female,group C,some college,none,73,80,82,78.33,18.2,91.3,low,always,no,8.1,yes,B
female,group C,some college,none,76,83,88,82.33,17.7,91.2,high,often,yes,7.5,yes,A
female,group D,associate's degree,none,71,71,74,72.0,12.9,95.6,low,often,no,6.1,yes,A
female,group A,some college,none,58,70,67,65.0,5.6,100.0,medium,often,yes,7.4,yes,C
female,group D,some high school,none,73,86,82,80.33,14.7,95.0,high,always,no,8.9,yes,B
female,group C,bachelor's degree,none,65,72,74,70.33,19.4,87.1,low,always,no,7.7,yes,B
male,group C,high school,none,27,34,36,32.33,3.6,74.1,low,sometimes,no,6.0,yes,F
male,group C,high school,none,71,79,71,73.67,13.9,100.0,medium,often,no,6.6,yes,B
male,group C,associate's degree,completed,43,45,50,46.0,3.9,93.3,low,rarely,no,6.2,yes,F
female,group B,some college,none,79,86,92,85.67,27.6,95.3,medium,always,yes,8.1,no,B
male,group C,associate's degree,completed,78,81,82,80.33,11.5,93.0,high,always,yes,8.1,yes,B
male,group B,some high school,completed,65,66,62,64.33,8.4,97.9,low,often,yes,6.8,yes,B
female,group E,some college,completed,63,72,70,68.33,7.3,97.2,high,sometimes,no,7.1,yes,C
female,group D,some college,none,58,67,62,62.33,6.8,98.9,medium,sometimes,no,7.9,yes,C
female,group D,bachelor's degree,none,65,67,62,64.67,10.1,93.8,low,often,no,7.1,yes,D
male,group B,some college,none,79,67,67,71.0,17.1,86.7,medium,always,no,7.5,no,C
male,group D,bachelor's degree,completed,68,74,74,72.0,14.5,86.3,high,always,yes,7.8,no,B
female,group D,associate's degree,none,85,91,89,88.33,26.8,97.4,medium,always,no,7.0,yes,A
male,group B,high school,completed,60,44,47,50.33,6.3,95.2,low,rarely,no,5.9,yes,D
male,group C,some college,completed,98,86,90,91.33,17.8,94.0,high,always,no,7.7,yes,A
female,group C,some college,none,58,67,72,65.67,5.1,95.2,low,often,yes,6.8,yes,D
female,group D,master's degree,none,87,100,100,95.67,25.0,100.0,medium,always,yes,8.8,yes,A
male,group E,associate's degree,completed,66,63,64,64.33,5.4,90.9,medium,rarely,no,6.9,yes,C
female,group B,associate's degree,none,52,76,70,66.0,9.0,93.2,low,rarely,no,7.9,yes,C
female,group B,some high school,none,70,64,72,68.67,11.4,91.1,low,rarely,no,7.3,yes,C
female,group D,associate's degree,completed,77,89,98,88.0,19.6,100.0,medium,often,no,7.4,yes,A
male,group C,high school,none,62,55,49,55.33,6.0,83.3,medium,often,no,5.8,yes,C
male,group A,associate's degree,none,54,53,47,51.33,4.3,95.0,low,rarely,yes,5.1,yes,D
female,group D,some college,none,51,58,54,54.33,5.4,96.0,high,rarely,yes,5.8,yes,C
female,group E,bachelor's degree,completed,99,100,100,99.67,27.5,100.0,high,always,yes,8.9,yes,A
male,group C,high school,none,84,77,74,78.33,18.7,95.9,high,always,yes,7.0,yes,B
female,group B,bachelor's degree,none,75,85,82,80.67,16.3,92.0,medium,always,no,8.1,yes,A
female,group D,bachelor's degree,none,78,82,79,79.67,10.2,100.0,low,often,yes,8.1,yes,C
female,group D,some high school,none,51,63,61,58.33,7.1,79.7,low,often,no,6.2,yes,D
female,group C,some college,none,55,69,65,63.0,6.8,99.3,medium,sometimes,no,6.1,yes,C
female,group C,bachelor's degree,completed,79,92,89,86.67,16.7,100.0,high,always,yes,7.7,yes,A
male,group B,associate's degree,completed,91,89,92,90.67,26.3,99.7,high,always,no,7.4,yes,A
female,group C,some college,completed,88,93,93,91.33,26.9,91.5,high,always,yes,8.5,yes,A
male,group D,high school,none,63,57,56,58.67,12.3,89.5,medium,sometimes,yes,6.6,yes,D
male,group E,some college,none,83,80,73,78.67,12.7,98.0,medium,sometimes,no,7.3,no,B
female,group B,high school,none,87,95,86,89.33,18.7,100.0,high,always,no,8.3,yes,B
male,group B,some high school,none,72,68,67,69.0,7.5,92.8,medium,often,no,6.1,yes,D
male,group D,some college,completed,65,77,74,72.0,11.8,95.4,high,sometimes,no,6.6,no,C
male,group D,master's degree,none,82,82,74,79.33,19.4,95.9,high,always,yes,8.7,yes,B
female,group A,bachelor's degree,none,51,49,51,50.33,3.8,79.2,low,sometimes,yes,6.4,yes,D
male,group D,master's degree,none,89,84,82,85.0,25.8,100.0,high,always,no,8.2,yes,A
male,group C,some high school,completed,53,37,40,43.33,9.0,74.9,medium,rarely,no,6.6,no,D
male,group E,some college,completed,87,74,70,77.0,17.7,93.7,medium,always,no,9.0,yes,B
female,group C,some college,completed,75,81,84,80.0,14.2,100.0,high,sometimes,yes,7.6,yes,A
male,group D,bachelor's degree,completed,74,79,75,76.0,10.4,85.7,high,often,yes,8.4,yes,C
male,group C,bachelor's degree,none,58,55,48,53.67,8.3,79.7,medium,sometimes,no,5.9,yes,C
male,group B,some high school,completed,51,54,41,48.67,9.9,80.9,medium,sometimes,no,6.0,yes,C
male,group E,high school,none,70,55,56,60.33,7.2,83.8,medium,sometimes,yes,7.9,no,D
female,group C,associate's degree,none,59,66,67,64.0,14.9,84.8,low,often,no,6.3,no,C
male,group D,some college,completed,71,61,69,67.0,7.2,93.1,medium,sometimes,yes,7.8,yes,B
female,group D,some high school,none,76,72,71,73.0,18.9,100.0,high,always,no,7.1,yes,B
female,group C,some college,none,59,62,64,61.67,8.7,85.8,medium,sometimes,yes,6.4,yes,B
female,group E,some college,completed,42,55,54,50.33,8.8,86.7,medium,rarely,no,5.7,yes,D
male,group A,high school,none,57,43,47,49.0,4.1,93.9,medium,sometimes,no,6.7,yes,F
male,group D,some college,none,88,73,78,79.67,17.0,100.0,medium,always,yes,8.8,no,A
female,group C,some college,none,22,39,33,31.33,8.6,73.0,low,sometimes,yes,6.6,no,D
male,group B,some high school,none,88,84,75,82.33,10.1,93.2,high,always,yes,7.5,yes,A
male,group C,associate's degree,none,73,68,66,69.0,12.8,85.1,high,sometimes,no,6.7,yes,D
female,group D,bachelor's degree,completed,68,75,81,74.67,11.0,100.0,medium,sometimes,yes,7.4,yes,B
male,group E,associate's degree,completed,100,100,93,97.67,21.9,100.0,medium,always,no,8.9,yes,A
male,group A,some high school,completed,62,67,69,66.0,12.6,82.5,low,sometimes,no,7.5,yes,C
male,group A,bachelor's degree,none,77,67,68,70.67,12.7,100.0,medium,often,yes,7.6,yes,B
female,group B,associate's degree,completed,59,70,66,65.0,5.8,95.3,medium,sometimes,no,6.3,yes,D
male,group D,bachelor's degree,none,54,49,47,50.0,5.4,89.4,low,rarely,no,5.8,no,C
male,group D,some high school,none,62,67,61,63.33,7.1,81.7,medium,sometimes,no,6.9,no,B
female,group C,some college,completed,70,89,88,82.33,18.7,100.0,high,always,no,8.3,yes,A
female,group E,high school,completed,66,74,78,72.67,19.2,96.6,high,often,yes,6.3,yes,B
male,group B,some college,none,60,60,60,60.0,7.0,89.8,low,sometimes,yes,7.6,yes,C
female,group B,associate's degree,completed,61,86,87,78.0,10.1,87.4,medium,often,yes,7.6,yes,C
male,group D,associate's degree,none,66,62,64,64.0,12.8,82.1,medium,rarely,yes,8.0,yes,C
male,group B,associate's degree,completed,82,78,74,78.0,16.2,100.0,medium,sometimes,yes,8.0,yes,B
female,group E,some college,completed,75,88,85,82.67,10.3,89.1,high,sometimes,yes,8.4,no,A
male,group B,master's degree,none,49,53,52,51.33,3.3,79.2,medium,sometimes,yes,6.9,yes,D
male,group C,high school,none,52,53,49,51.33,7.7,94.5,medium,sometimes,yes,6.6,yes,F
female,group E,master's degree,none,81,92,91,88.0,26.0,100.0,high,always,yes,8.5,yes,A
female,group C,bachelor's degree,completed,96,100,100,98.67,19.9,96.1,high,always,no,7.7,yes,B
male,group C,high school,completed,53,51,51,51.67,7.3,87.2,medium,sometimes,yes,7.0,no,D
female,group B,master's degree,completed,58,76,78,70.67,12.0,97.2,low,sometimes,yes,6.9,no,B
female,group B,high school,completed,68,83,78,76.33,17.4,94.0,medium,often,no,7.1,no,B
female,group C,some college,completed,67,75,70,70.67,14.4,98.1,medium,always,no,6.8,yes,B
male,group A,high school,completed,72,73,74,73.0,19.1,88.5,medium,always,no,6.3,yes,C
male,group E,some high school,none,94,88,78,86.67,18.6,93.6,high,often,no,8.0,yes,B
female,group D,some college,none,79,86,81,82.0,14.5,97.6,high,often,yes,7.8,no,A
female,group C,associate's degree,none,63,67,70,66.67,11.6,88.7,high,rarely,no,6.9,yes,B
female,group C,bachelor's degree,completed,43,51,54,49.33,3.4,86.8,low,sometimes,no,5.5,yes,D
female,group C,master's degree,completed,81,91,87,86.33,18.3,92.1,medium,always,yes,7.9,no,B
female,group B,high school,completed,46,54,58,52.67,6.7,94.9,low,rarely,yes,5.1,yes,F
female,group C,associate's degree,completed,71,77,77,75.0,10.4,87.4,medium,always,yes,8.0,yes,A
female,group B,master's degree,completed,52,70,62,61.33,14.9,99.7,low,often,no,7.7,yes,C
female,group D,some high school,completed,97,100,100,99.0,24.8,100.0,medium,often,yes,8.4,yes,A
male,group C,master's degree,completed,62,68,75,68.33,14.7,84.7,medium,sometimes,no,6.4,yes,D
female,group C,some college,none,46,64,66,58.67,14.4,93.2,medium,sometimes,no,6.1,yes,F
female,group E,high school,none,50,50,47,49.0,7.5,89.9,low,sometimes,yes,6.3,yes,D
female,group D,associate's degree,none,65,69,70,68.0,15.0,83.6,high,sometimes,no,7.6,yes,C
male,group C,some high school,completed,45,52,49,48.67,9.0,84.3,low,sometimes,no,6.5,yes,D
male,group C,associate's degree,completed,65,67,65,65.67,13.2,84.3,medium,rarely,yes,6.7,yes,C
male,group E,high school,none,80,76,65,73.67,13.9,93.5,medium,often,yes,6.1,yes,B
male,group D,some high school,completed,62,66,68,65.33,11.2,91.0,medium,often,no,7.0,yes,C
male,group B,some high school,none,48,52,45,48.33,5.0,84.1,low,rarely,no,6.5,no,D
female,group C,bachelor's degree,none,77,88,87,84.0,19.6,88.4,medium,sometimes,yes,8.8,yes,B
female,group E,associate's degree,none,66,65,69,66.67,5.6,100.0,medium,rarely,no,6.5,yes,C
male,group D,some college,completed,76,83,79,79.33,18.0,97.2,medium,always,no,7.5,yes,A
female,group B,some high school,none,62,64,66,64.0,6.8,95.0,low,sometimes,no,6.2,yes,C
male,group D,some college,completed,77,62,62,67.0,14.6,92.0,high,sometimes,yes,7.3,no,C
female,group C,master's degree,completed,69,84,85,79.33,18.2,100.0,medium,often,yes,7.8,no,C
male,group D,associate's degree,none,61,55,52,56.0,8.5,83.4,medium,sometimes,no,5.8,yes,C
male,group C,some high school,completed,59,69,65,64.33,11.2,90.5,medium,rarely,no,7.7,yes,B
male,group E,high school,none,55,56,51,54.0,2.2,90.8,medium,rarely,yes,5.8,yes,D
female,group B,some college,none,45,53,55,51.0,9.9,79.7,medium,rarely,no,6.4,yes,F
female,group B,bachelor's degree,none,78,79,76,77.67,11.3,88.0,high,often,yes,7.2,yes,C
female,group C,associate's degree,completed,67,84,86,79.0,11.9,92.8,medium,often,yes,8.0,yes,C
female,group D,some college,none,65,81,77,74.33,12.3,95.6,high,always,no,6.6,yes,B
male,group C,associate's degree,none,69,77,69,71.67,19.9,97.1,medium,always,no,6.1,yes,C
female,group B,associate's degree,none,57,69,68,64.67,6.8,95.4,low,sometimes,yes,6.9,yes,C
male,group C,some college,none,59,41,42,47.33,7.3,91.7,medium,rarely,yes,5.3,no,F
male,group D,some high school,completed,74,71,78,74.33,15.4,100.0,medium,always,yes,7.5,yes,C
male,group E,bachelor's degree,none,82,62,62,68.67,12.8,97.1,low,sometimes,yes,6.7,yes,D
male,group E,high school,completed,81,80,76,79.0,15.5,92.4,medium,often,yes,8.0,no,B
female,group B,some college,none,74,81,76,77.0,19.9,100.0,medium,always,yes,8.6,yes,C
female,group B,some college,none,58,61,66,61.67,13.7,96.7,medium,sometimes,yes,6.8,yes,C
male,group D,some high school,completed,80,79,79,79.33,13.5,100.0,medium,always,yes,8.7,no,B
male,group C,some college,none,35,28,27,30.0,6.9,85.3,low,rarely,yes,5.3,yes,C
female,group C,high school,none,42,62,60,54.67,2.2,80.9,high,rarely,no,5.9,yes,D
male,group C,associate's degree,completed,60,51,56,55.67,9.4,80.7,medium,sometimes,no,6.3,yes,C
male,group E,high school,completed,87,91,81,86.33,30.6,98.0,medium,always,yes,8.4,no,A
male,group B,some high school,completed,84,83,75,80.67,11.4,89.3,high,sometimes,yes,7.1,yes,B
female,group E,associate's degree,completed,83,86,88,85.67,31.3,100.0,high,always,yes,7.9,yes,B
female,group C,high school,none,34,42,39,38.33,5.6,76.7,low,rarely,no,6.5,yes,C
male,group B,high school,none,66,77,70,71.0,14.2,93.3,low,often,no,6.3,yes,B
male,group B,some high school,completed,61,56,56,57.67,5.1,84.0,high,often,no,6.0,yes,D
female,group D,high school,completed,56,68,74,66.0,9.5,98.9,low,sometimes,yes,6.6,yes,C
male,group B,associate's degree,none,87,85,73,81.67,13.8,95.1,high,always,no,8.9,yes,A
female,group C,some high school,none,55,65,62,60.67,11.9,89.0,low,often,yes,7.8,yes,C
male,group D,some high school,none,86,80,75,80.33,16.6,100.0,high,always,yes,8.0,yes,B
female,group B,associate's degree,completed,52,66,73,63.67,10.1,94.8,low,rarely,no,6.1,yes,B
female,group E,master's degree,none,45,56,54,51.67,9.7,92.0,low,rarely,yes,6.5,yes,C
female,group C,some college,none,72,72,71,71.67,11.7,85.9,medium,always,yes,6.0,yes,C
male,group D,high school,none,57,50,54,53.67,4.4,93.3,medium,rarely,yes,5.2,yes,D
male,group A,some high school,none,68,72,64,68.0,11.4,93.3,low,often,no,6.6,no,C
female,group C,some college,completed,88,95,94,92.33,26.6,100.0,high,always,yes,7.7,no,A
male,group D,some college,none,76,64,66,68.67,8.7,91.5,medium,sometimes,no,6.5,yes,B
male,group C,associate's degree,none,46,43,42,43.67,9.1,87.5,low,sometimes,no,6.7,no,C
female,group B,bachelor's degree,none,67,86,83,78.67,17.6,95.4,high,always,no,8.3,yes,B
male,group E,some high school,none,92,87,78,85.67,34.7,100.0,medium,often,yes,8.5,no,A
male,group C,bachelor's degree,completed,83,82,84,83.0,15.1,100.0,high,often,yes,8.0,yes,A
male,group D,associate's degree,none,80,75,77,77.33,16.9,100.0,medium,always,yes,7.9,yes,B
male,group D,bachelor's degree,none,63,66,67,65.33,12.3,100.0,low,sometimes,no,6.4,yes,C
female,group D,some high school,completed,64,60,74,66.0,11.2,85.8,medium,often,no,6.0,yes,B
male,group B,some college,none,54,52,51,52.33,8.0,81.5,high,rarely,yes,5.3,yes,F
male,group C,associate's degree,none,84,80,80,81.33,20.0,94.5,high,always,no,8.2,yes,A
male,group D,high school,completed,73,68,66,69.0,12.0,83.1,medium,sometimes,no,6.2,yes,C
female,group E,bachelor's degree,none,80,83,83,82.0,16.4,88.6,high,often,yes,8.2,yes,B
female,group D,high school,none,56,52,55,54.33,4.2,94.6,medium,rarely,yes,5.7,yes,D
male,group E,some college,none,59,51,43,51.0,8.3,87.3,medium,rarely,yes,5.9,yes,C
male,group D,some high school,none,75,74,69,72.67,16.0,98.9,high,always,no,6.8,yes,B
male,group C,associate's degree,none,85,76,71,77.33,11.2,94.0,high,often,yes,8.2,yes,B
male,group E,associate's degree,none,89,76,74,79.67,13.3,87.1,low,always,yes,8.0,yes,C
female,group B,high school,completed,58,70,68,65.33,7.6,90.4,high,often,yes,7.6,yes,C
female,group B,high school,none,65,64,62,63.67,6.3,82.8,medium,sometimes,no,7.5,yes,B
male,group C,high school,none,68,60,53,60.33,11.1,82.8,medium,sometimes,no,6.1,yes,C
male,group A,some high school,completed,47,49,49,48.33,4.1,81.1,medium,rarely,yes,6.5,yes,D
female,group D,some college,none,71,83,83,79.0,10.7,96.1,low,sometimes,no,7.3,yes,B
female,group B,some high school,completed,60,70,70,66.67,8.5,100.0,low,sometimes,no,7.1,no,B
male,group D,master's degree,none,80,80,72,77.33,14.2,91.0,high,always,yes,8.3,yes,B
male,group D,high school,none,54,52,52,52.67,5.7,97.0,medium,rarely,yes,5.3,yes,C
female,group E,some college,none,62,73,70,68.33,13.5,94.0,medium,rarely,no,7.4,yes,C
female,group C,associate's degree,none,64,73,68,68.33,10.4,84.4,medium,sometimes,yes,7.9,no,C
male,group C,associate's degree,completed,78,77,77,77.33,14.6,94.0,medium,often,yes,8.0,no,B
female,group B,some college,none,70,75,78,74.33,10.5,100.0,medium,often,yes,6.7,yes,B
female,group C,master's degree,completed,65,81,81,75.67,12.0,100.0,high,always,yes,7.9,no,B
female,group C,some high school,completed,64,79,77,73.33,10.3,85.7,medium,always,no,7.0,yes,B
male,group C,some college,completed,79,79,78,78.67,18.2,93.8,high,always,yes,8.0,yes,B
female,group C,some high school,none,44,50,51,48.33,6.6,88.8,medium,rarely,no,6.1,yes,D
female,group E,high school,none,99,93,90,94.0,30.9,97.7,high,always,yes,9.0,yes,A
male,group D,high school,none,76,73,68,72.33,11.8,100.0,medium,sometimes,no,7.2,yes,C
male,group D,some high school,none,59,42,41,47.33,8.4,85.9,medium,rarely,no,6.3,yes,C
female,group C,bachelor's degree,none,63,75,81,73.0,18.8,92.9,low,sometimes,no,7.1,yes,C
female,group D,high school,none,69,72,77,72.67,10.8,98.9,low,always,no,7.1,yes,B
female,group D,associate's degree,completed,88,92,95,91.67,24.4,100.0,high,always,yes,8.7,yes,A
female,group E,some college,none,71,76,70,72.33,17.1,100.0,low,often,yes,6.7,yes,B
male,group C,bachelor's degree,none,69,63,61,64.33,11.5,93.9,low,often,no,8.0,yes,B
male,group C,some college,none,58,49,42,49.67,7.4,83.1,low,rarely,yes,6.7,yes,F
female,group D,associate's degree,none,47,53,58,52.67,4.2,90.4,medium,rarely,yes,5.4,yes,D
female,group D,some college,none,65,70,71,68.67,11.5,100.0,high,often,no,7.3,yes,D
male,group B,some college,completed,88,85,76,83.0,16.7,98.9,medium,often,yes,8.7,yes,A
male,group C,bachelor's degree,none,83,78,73,78.0,19.8,88.2,medium,sometimes,no,8.8,yes,C
female,group C,some high school,completed,85,92,93,90.0,20.8,100.0,high,always,yes,8.9,yes,A
female,group E,high school,completed,59,63,75,65.67,13.3,87.5,high,rarely,no,7.1,yes,C
female,group C,some high school,none,65,86,80,77.0,10.1,95.0,medium,often,yes,7.6,yes,A
male,group B,bachelor's degree,none,73,56,57,62.0,14.0,97.7,medium,sometimes,no,6.4,yes,C
male,group D,high school,none,53,52,42,49.0,8.4,77.0,low,sometimes,no,6.0,yes,F
male,group D,high school,none,45,48,46,46.33,6.8,77.7,low,sometimes,no,6.7,no,D
female,group D,bachelor's degree,none,73,79,84,78.67,15.2,94.8,medium,often,no,8.2,no,B
female,group D,some college,completed,70,78,78,75.33,16.1,97.7,medium,always,yes,8.0,yes,B
female,group B,some high school,none,37,46,46,43.0,5.9,87.4,medium,sometimes,no,6.0,yes,C
male,group B,associate's degree,completed,81,82,82,81.67,12.5,94.5,high,sometimes,yes,7.6,no,A
male,group E,associate's degree,completed,97,82,88,89.0,24.6,93.6,high,always,yes,8.0,yes,A
female,group B,some high school,none,67,89,82,79.33,12.2,87.2,low,often,no,8.1,yes,B
male,group B,bachelor's degree,none,88,75,76,79.67,19.3,94.5,low,always,yes,7.7,yes,C
male,group E,some high school,completed,77,76,77,76.67,14.9,99.6,high,sometimes,yes,7.8,yes,B
male,group C,associate's degree,none,76,70,68,71.33,19.1,98.1,medium,often,no,7.9,no,A
male,group D,some high school,none,86,73,70,76.33,16.4,86.5,medium,sometimes,yes,8.4,yes,B
male,group C,some high school,completed,63,60,57,60.0,9.6,87.4,low,sometimes,no,6.1,yes,C
female,group E,bachelor's degree,none,65,73,75,71.0,19.4,97.0,medium,often,no,6.0,yes,C
male,group D,high school,completed,78,77,80,78.33,16.1,100.0,high,sometimes,no,7.1,yes,A
male,group B,associate's degree,none,67,62,60,63.0,5.1,89.4,low,sometimes,no,6.1,yes,C
male,group A,some high school,completed,46,41,43,43.33,4.7,89.0,low,sometimes,no,5.9,yes,C
male,group E,associate's degree,completed,71,74,68,71.0,13.1,99.4,medium,always,no,7.7,no,B
male,group C,high school,completed,40,46,50,45.33,4.6,86.8,low,sometimes,no,6.4,yes,C
male,group D,associate's degree,none,90,87,75,84.0,14.3,90.9,high,often,yes,7.1,yes,A
male,group A,some college,completed,81,78,81,80.0,13.4,88.1,high,often,yes,8.2,yes,A
male,group D,some high school,none,56,54,52,54.0,9.9,87.1,medium,rarely,no,5.1,yes,F
female,group C,associate's degree,completed,67,84,81,77.33,13.8,86.6,low,often,yes,7.0,yes,B
male,group B,associate's degree,none,80,76,64,73.33,12.9,100.0,low,always,yes,7.8,yes,C
female,group C,associate's degree,completed,74,75,83,77.33,19.8,91.5,high,often,yes,7.7,yes,A
male,group A,some college,none,69,67,69,68.33,10.5,93.6,high,often,no,6.6,yes,B
male,group E,some college,completed,99,87,81,89.0,16.2,96.5,high,always,yes,7.7,yes,A
male,group C,some high school,none,51,52,44,49.0,5.6,88.9,low,rarely,no,6.8,yes,D
female,group B,associate's degree,none,53,71,67,63.67,11.2,85.2,low,rarely,no,7.1,yes,D
female,group D,high school,none,49,57,52,52.67,9.3,92.0,medium,sometimes,yes,6.6,yes,D
female,group B,associate's degree,none,73,76,80,76.33,12.8,100.0,high,sometimes,yes,9.0,yes,C
male,group B,bachelor's degree,none,66,60,57,61.0,10.9,87.8,low,sometimes,no,6.8,yes,C
male,group D,bachelor's degree,completed,67,61,68,65.33,10.8,99.1,high,sometimes,no,7.5,yes,D
female,group C,associate's degree,completed,68,67,69,68.0,7.0,84.9,high,sometimes,no,7.8,yes,D
female,group C,bachelor's degree,completed,59,64,75,66.0,9.5,92.2,medium,often,yes,7.0,yes,C
male,group C,high school,none,71,66,65,67.33,11.9,85.1,medium,sometimes,no,6.6,yes,D
female,group D,master's degree,completed,77,82,91,83.33,10.1,100.0,high,always,yes,7.0,yes,B
male,group C,associate's degree,none,83,72,78,77.67,17.4,88.7,high,always,yes,8.5,no,B
male,group B,bachelor's degree,none,63,71,69,67.67,5.9,92.3,low,sometimes,no,6.1,yes,B
female,group D,associate's degree,none,56,65,63,61.33,13.1,99.4,low,often,no,6.6,yes,C
female,group C,high school,completed,67,79,84,76.67,17.9,99.7,low,sometimes,yes,7.6,yes,B
female,group E,high school,none,75,86,79,80.0,18.0,100.0,high,always,yes,8.0,yes,A
female,group C,some college,none,71,81,80,77.33,19.8,97.8,medium,always,yes,8.8,yes,B
female,group C,some high school,none,43,53,53,49.67,6.7,89.1,low,sometimes,yes,6.4,no,F
female,group C,high school,none,41,46,43,43.33,6.4,84.8,low,sometimes,yes,6.0,yes,C
female,group C,some college,none,82,90,94,88.67,27.6,90.6,high,always,yes,8.0,yes,A
male,group C,some college,none,61,61,62,61.33,12.1,81.7,high,rarely,yes,7.5,yes,B
male,group A,some college,none,28,23,19,23.33,4.9,73.2,medium,rarely,no,6.8,yes,F
male,group C,associate's degree,completed,82,75,77,78.0,13.8,100.0,low,always,yes,7.8,yes,B
female,group B,some high school,none,41,55,51,49.0,2.0,79.7,medium,sometimes,no,6.5,no,D
male,group C,high school,none,71,60,61,64.0,8.0,83.4,medium,sometimes,yes,6.7,no,C
male,group C,associate's degree,none,47,37,35,39.67,5.5,82.4,low,rarely,yes,5.1,yes,D
male,group E,associate's degree,completed,62,56,53,57.0,13.2,96.0,low,sometimes,no,6.8,yes,D
male,group B,associate's degree,none,90,78,81,83.0,16.1,93.6,medium,always,no,7.6,yes,A
female,group C,bachelor's degree,none,83,93,95,90.33,29.3,94.1,high,always,yes,7.1,yes,A
female,group B,some college,none,61,68,66,65.0,7.7,98.4,low,sometimes,yes,6.0,yes,C
male,group D,some high school,completed,76,70,69,71.67,14.9,92.0,medium,often,yes,6.9,no,B
male,group C,associate's degree,none,49,51,43,47.67,7.4,82.1,medium,sometimes,no,7.0,yes,C
female,group B,some high school,none,24,38,27,29.67,8.2,86.0,low,rarely,yes,5.6,yes,D
female,group D,some high school,completed,35,55,60,50.0,4.8,84.1,low,rarely,no,6.9,no,C
male,group C,high school,none,58,61,52,57.0,14.0,94.7,medium,sometimes,yes,5.6,yes,C
female,group C,high school,none,61,73,63,65.67,7.5,91.6,high,sometimes,yes,7.9,no,C
female,group B,high school,completed,69,76,74,73.0,19.9,95.2,high,sometimes,yes,6.5,yes,A
male,group D,associate's degree,completed,67,72,67,68.67,11.2,98.5,medium,rarely,no,7.3,yes,C
male,group D,some college,none,79,73,67,73.0,12.6,91.2,high,often,no,7.8,yes,A
female,group C,high school,none,72,80,75,75.67,11.5,85.4,medium,often,yes,8.9,yes,B
male,group B,some college,none,62,61,57,60.0,10.0,93.6,low,sometimes,no,6.9,yes,C
female,group C,bachelor's degree,completed,77,94,95,88.67,15.9,92.9,high,always,yes,8.7,no,B
male,group D,high school,none,75,74,66,71.67,18.5,88.7,high,sometimes,no,8.0,yes,C
male,group E,associate's degree,none,87,74,76,79.0,15.7,91.5,medium,often,yes,8.2,no,A
female,group B,bachelor's degree,none,52,65,69,62.0,12.9,98.8,high,often,no,8.0,yes,B
male,group E,some college,none,66,57,52,58.33,9.8,93.8,low,sometimes,no,5.3,yes,D
female,group C,some college,completed,63,78,80,73.67,15.0,84.8,low,often,no,6.5,yes,B
female,group C,associate's degree,none,46,58,57,53.67,4.6,94.8,medium,rarely,no,5.1,yes,D
female,group C,some college,none,59,71,70,66.67,6.2,88.0,medium,often,no,6.1,yes,C
female,group B,bachelor's degree,none,61,72,70,67.67,8.9,97.6,high,often,no,6.7,yes,C
male,group A,associate's degree,none,63,61,61,61.67,10.6,87.7,medium,sometimes,yes,7.8,yes,C
female,group C,some college,completed,42,66,69,59.0,7.2,80.4,low,rarely,no,5.6,no,D
male,group D,some college,none,59,62,61,60.67,9.4,91.8,medium,often,yes,6.7,no,D
female,group D,some college,none,80,90,89,86.33,32.9,97.2,high,always,yes,7.4,yes,A
female,group B,high school,none,58,62,59,59.67,8.3,97.0,low,rarely,yes,6.9,yes,D
male,group B,some high school,completed,85,84,78,82.33,18.1,100.0,high,always,no,8.3,yes,B
female,group C,some college,none,52,58,58,56.0,10.4,84.3,medium,rarely,yes,6.5,yes,D
female,group D,some high school,none,27,34,32,31.0,6.2,71.4,medium,rarely,yes,5.6,yes,C
male,group C,some college,none,59,60,58,59.0,12.3,99.0,low,sometimes,no,6.7,yes,D
male,group A,bachelor's degree,completed,49,58,60,55.67,8.3,92.8,high,rarely,yes,6.8,no,F
male,group C,high school,completed,69,58,53,60.0,12.5,87.9,medium,sometimes,yes,7.1,yes,B
male,group C,bachelor's degree,none,61,66,61,62.67,12.8,92.6,high,rarely,yes,7.2,yes,C
female,group A,some high school,none,44,64,58,55.33,12.6,80.5,medium,sometimes,yes,6.9,no,D
female,group D,some high school,none,73,84,85,80.67,17.1,96.1,high,always,no,8.7,yes,B
male,group E,some college,none,84,77,71,77.33,12.0,92.7,medium,always,no,8.4,yes,B
female,group C,some college,completed,45,73,70,62.67,14.5,90.8,low,rarely,no,7.5,yes,B
male,group D,some high school,none,74,74,72,73.33,18.4,84.7,high,always,no,6.5,yes,C
female,group D,some college,completed,82,97,96,91.67,25.9,100.0,medium,always,no,8.7,yes,B
female,group D,bachelor's degree,none,59,70,73,67.33,10.5,90.4,low,often,yes,6.6,yes,D
male,group E,associate's degree,none,46,43,41,43.33,7.4,90.4,low,sometimes,no,6.7,no,C
female,group D,some high school,none,80,90,82,84.0,16.7,89.0,high,often,yes,7.7,yes,A
female,group D,master's degree,completed,85,95,100,93.33,29.7,99.2,medium,always,yes,7.9,yes,A
female,group A,some high school,none,71,83,77,77.0,10.6,93.1,high,always,yes,8.3,yes,B
male,group A,bachelor's degree,none,66,64,62,64.0,12.5,83.4,low,sometimes,no,8.0,yes,C
female,group B,associate's degree,none,80,86,83,83.0,11.8,100.0,medium,often,no,8.4,yes,A
male,group C,associate's degree,completed,87,100,95,94.0,23.0,96.6,high,always,yes,7.6,yes,B
male,group C,master's degree,none,79,81,71,77.0,16.0,87.2,low,always,yes,7.2,yes,B
female,group E,some high school,none,38,49,45,44.0,7.2,80.0,low,sometimes,yes,6.4,yes,D
female,group A,some high school,none,38,43,43,41.33,4.5,79.2,low,sometimes,no,5.2,yes,F
female,group E,some college,none,67,76,75,72.67,17.4,100.0,medium,often,no,7.4,yes,A
female,group E,bachelor's degree,none,64,73,70,69.0,10.8,88.1,medium,often,yes,7.7,yes,C
female,group C,associate's degree,none,57,78,67,67.33,14.8,84.5,low,sometimes,yes,7.5,no,C
female,group D,high school,none,62,64,64,63.33,7.6,89.8,medium,rarely,no,7.2,yes,C
male,group D,master's degree,none,73,70,75,72.67,17.1,86.1,low,always,no,6.0,yes,B
male,group E,some high school,completed,73,67,59,66.33,7.7,87.1,low,sometimes,no,7.2,yes,B
female,group D,some college,none,77,68,77,74.0,19.5,100.0,high,always,no,7.1,yes,B
male,group E,some college,none,76,67,67,70.0,17.4,98.1,medium,sometimes,yes,7.8,yes,B
male,group C,associate's degree,completed,57,54,56,55.67,7.7,85.9,high,sometimes,no,5.9,yes,C
female,group C,some high school,completed,65,74,77,72.0,17.1,92.6,medium,always,no,6.1,no,B
male,group A,high school,none,48,45,41,44.67,5.6,75.3,low,rarely,yes,6.0,no,C
female,group B,high school,none,50,67,63,60.0,12.6,88.2,medium,sometimes,yes,6.3,yes,B
female,group C,associate's degree,none,85,89,95,89.67,28.3,100.0,high,always,yes,7.6,yes,A
male,group B,some high school,none,74,63,57,64.67,10.2,92.3,low,sometimes,no,7.6,yes,D
male,group D,some high school,none,60,59,54,57.67,14.5,85.8,low,sometimes,no,6.8,yes,D
female,group C,some high school,completed,59,54,67,60.0,10.5,90.1,low,often,no,7.7,no,C
male,group A,some college,none,53,43,43,46.33,5.5,87.7,low,sometimes,yes,6.4,yes,C
female,group A,some college,none,49,65,55,56.33,6.7,78.8,medium,often,no,5.3,yes,C
female,group D,high school,completed,88,99,100,95.67,18.3,100.0,high,always,yes,7.4,yes,A
female,group C,high school,none,54,59,62,58.33,7.5,80.6,low,sometimes,yes,6.9,yes,D
female,group C,some high school,none,63,73,68,68.0,9.2,91.2,medium,sometimes,no,6.3,yes,C
male,group B,associate's degree,completed,65,65,63,64.33,13.7,94.1,medium,rarely,no,6.2,yes,B
female,group B,associate's degree,none,82,80,77,79.67,16.9,90.7,medium,always,yes,8.0,yes,A
female,group D,high school,completed,52,57,56,55.0,12.9,79.7,medium,sometimes,no,6.4,yes,C
male,group D,associate's degree,completed,87,84,85,85.33,29.5,99.2,high,always,no,8.0,yes,B
female,group D,master's degree,completed,70,71,74,71.67,14.5,87.6,high,always,no,6.2,yes,C
male,group E,some college,completed,84,83,78,81.67,19.0,91.3,medium,always,yes,8.1,no,A
male,group D,associate's degree,none,71,66,60,65.67,11.5,83.4,medium,often,no,8.0,yes,C
male,group B,some high school,completed,63,67,67,65.67,7.2,88.9,medium,rarely,yes,6.9,yes,C
female,group C,bachelor's degree,completed,51,72,79,67.33,12.1,82.6,medium,sometimes,no,6.0,no,C
male,group E,high school,none,84,73,69,75.33,15.5,86.4,high,often,no,8.5,no,B
male,group C,bachelor's degree,completed,71,74,68,71.0,11.4,97.1,medium,always,yes,6.4,no,B
male,group C,associate's degree,none,74,73,67,71.33,19.1,99.0,medium,always,no,7.2,yes,A
male,group D,some college,none,68,59,62,63.0,9.7,95.3,low,sometimes,yes,6.5,yes,C
male,group E,high school,completed,57,56,54,55.67,14.1,88.7,low,rarely,no,5.8,no,D
female,group C,associate's degree,completed,82,93,93,89.33,30.9,95.2,high,always,no,8.3,yes,A
female,group D,high school,completed,57,58,64,59.67,6.9,93.8,low,sometimes,yes,6.3,no,D
female,group D,master's degree,completed,47,58,67,57.33,12.6,82.9,low,sometimes,yes,5.9,yes,C
female,group A,some high school,completed,59,85,80,74.67,10.3,100.0,medium,often,yes,7.3,yes,C
male,group B,some college,none,41,39,34,38.0,9.1,79.2,medium,sometimes,no,6.7,yes,D
female,group C,some college,none,62,67,62,63.67,5.7,83.1,high,sometimes,no,7.6,no,D
male,group C,bachelor's degree,none,86,83,86,85.0,19.8,89.1,high,often,yes,7.7,yes,A
male,group C,some high school,none,69,71,65,68.33,8.1,95.9,medium,rarely,no,7.2,yes,B
male,group A,some high school,none,65,59,53,59.0,13.4,92.1,medium,sometimes,no,6.2,yes,F
male,group C,some high school,none,68,63,54,61.67,12.6,89.4,medium,sometimes,yes,7.2,no,D
male,group C,associate's degree,none,64,66,59,63.0,8.4,91.6,low,often,no,7.3,no,C
female,group C,high school,none,61,72,70,67.67,10.9,83.6,medium,sometimes,no,6.7,no,B
male,group C,high school,none,61,56,55,57.33,10.0,92.9,medium,sometimes,yes,5.3,yes,D
female,group A,some high school,none,47,59,50,52.0,3.4,91.4,medium,sometimes,no,5.3,yes,D
male,group C,some high school,none,73,66,66,68.33,11.1,96.8,high,often,no,7.1,yes,C
male,group C,some college,completed,50,48,53,50.33,3.2,88.2,low,sometimes,no,6.2,yes,C
male,group D,associate's degree,none,75,68,64,69.0,5.3,91.5,low,sometimes,no,7.8,yes,C
male,group D,associate's degree,none,75,66,73,71.33,18.6,100.0,low,always,yes,7.6,no,A
male,group C,high school,none,70,56,51,59.0,14.0,92.1,high,sometimes,no,5.1,yes,C
male,group D,some high school,completed,89,88,82,86.33,34.5,100.0,high,always,yes,7.8,yes,A
female,group C,some college,completed,67,81,79,75.67,12.3,94.6,medium,sometimes,yes,7.3,no,B
female,group D,high school,none,78,81,80,79.67,19.7,95.4,medium,always,yes,7.6,yes,A
female,group A,some high school,none,59,73,69,67.0,7.6,89.4,medium,rarely,yes,7.6,yes,C
female,group B,associate's degree,none,73,83,76,77.33,18.6,88.9,low,often,yes,8.1,no,A
male,group A,some high school,none,79,82,73,78.0,15.8,96.1,low,always,yes,8.0,yes,B
female,group C,some high school,completed,67,74,77,72.67,13.1,100.0,low,often,no,7.5,yes,B
male,group D,some college,none,69,66,60,65.0,12.8,98.9,medium,sometimes,no,8.0,no,C
male,group C,high school,completed,86,81,80,82.33,12.0,97.2,high,often,yes,8.7,yes,B
male,group B,high school,none,47,46,42,45.0,5.3,81.6,low,sometimes,yes,5.4,no,C
male,group B,associate's degree,none,81,73,72,75.33,15.7,96.7,medium,always,yes,8.1,yes,B
female,group C,some college,completed,64,85,85,78.0,11.4,97.4,low,often,yes,7.4,no,B
female,group E,some college,none,100,92,97,96.33,33.5,100.0,high,often,yes,8.6,yes,A
female,group C,associate's degree,none,65,77,74,72.0,15.6,100.0,high,sometimes,no,6.4,yes,C
male,group C,some college,none,65,58,49,57.33,7.5,84.4,low,often,no,6.3,yes,C
female,group C,associate's degree,none,53,61,62,58.67,9.6,86.6,low,sometimes,no,5.1,yes,C
male,group C,bachelor's degree,none,37,56,47,46.67,3.9,93.7,low,rarely,no,5.3,yes,D
female,group D,bachelor's degree,none,79,89,89,85.67,26.9,100.0,high,always,no,7.3,yes,A
male,group D,associate's degree,none,53,54,48,51.67,4.7,87.4,medium,sometimes,no,6.0,yes,C
female,group E,bachelor's degree,none,100,100,100,100.0,26.0,100.0,high,often,yes,7.9,yes,A
male,group B,high school,completed,72,65,68,68.33,12.2,85.0,medium,sometimes,yes,6.8,no,C
male,group C,bachelor's degree,none,53,58,55,55.33,12.5,81.0,medium,sometimes,no,6.1,no,D
male,group B,some college,none,54,54,45,51.0,2.5,77.4,high,rarely,no,5.5,yes,C
female,group E,some college,none,71,70,76,72.33,19.6,97.5,high,often,no,7.4,yes,C
female,group C,some college,none,77,90,91,86.0,33.9,100.0,high,always,yes,8.9,yes,B
male,group A,bachelor's degree,completed,75,58,62,65.0,12.1,94.1,high,sometimes,yes,6.2,yes,C
female,group C,some college,none,84,87,91,87.33,21.9,100.0,high,often,yes,8.9,yes,A
female,group D,associate's degree,none,26,31,38,31.67,3.3,82.5,low,sometimes,no,6.0,yes,D
male,group A,high school,completed,72,67,65,68.0,11.6,97.7,high,sometimes,no,7.6,yes,B
female,group A,high school,completed,77,88,85,83.33,10.1,92.0,high,often,yes,8.8,no,B
male,group C,some college,none,91,74,76,80.33,13.1,100.0,high,sometimes,yes,7.7,yes,B
female,group C,associate's degree,completed,83,85,90,86.0,17.4,100.0,high,always,yes,7.6,yes,A
female,group C,high school,none,63,69,74,68.67,6.6,85.2,medium,often,yes,7.5,yes,D
female,group C,associate's degree,completed,68,86,84,79.33,18.2,97.8,medium,always,yes,7.7,yes,C
female,group D,some high school,none,59,67,61,62.33,13.0,82.9,medium,sometimes,yes,8.0,yes,B
female,group B,associate's degree,completed,90,90,91,90.33,26.9,100.0,medium,always,yes,7.2,yes,A
female,group D,bachelor's degree,completed,71,76,83,76.67,13.0,100.0,high,always,yes,8.9,yes,B
male,group E,bachelor's degree,completed,76,62,66,68.0,5.5,83.7,medium,sometimes,yes,7.2,yes,C
male,group D,associate's degree,none,80,68,72,73.33,13.6,100.0,high,often,yes,6.7,no,B
female,group D,master's degree,none,55,64,70,63.0,7.1,82.7,medium,sometimes,no,6.4,yes,D
male,group E,associate's degree,none,76,71,67,71.33,18.2,91.5,medium,often,no,6.2,no,B
male,group B,high school,completed,73,71,68,70.67,15.3,84.2,medium,often,yes,7.3,no,B
female,group D,associate's degree,none,52,59,56,55.67,12.1,79.9,medium,rarely,no,6.9,yes,C
male,group C,some college,none,68,68,61,65.67,8.5,92.9,medium,often,no,7.2,yes,C
male,group A,high school,none,59,52,46,52.33,2.8,84.5,medium,sometimes,no,5.1,yes,C
female,group B,associate's degree,none,49,52,54,51.67,3.3,93.8,low,rarely,yes,6.8,yes,C
male,group C,high school,none,70,74,71,71.67,15.0,98.5,high,often,no,7.9,no,B
male,group D,some college,none,61,47,56,54.67,7.0,86.3,medium,rarely,no,5.9,yes,F
female,group C,associate's degree,none,60,75,74,69.67,6.5,99.9,medium,often,no,6.8,no,C
male,group B,some high school,completed,64,53,57,58.0,13.4,89.0,medium,sometimes,no,5.7,yes,C
male,group A,associate's degree,completed,79,82,82,81.0,10.1,100.0,high,often,no,7.7,yes,B
female,group A,associate's degree,none,65,85,76,75.33,19.5,93.1,high,often,no,7.1,yes,B
female,group C,associate's degree,none,64,64,70,66.0,11.9,84.4,high,rarely,no,6.4,yes,C
female,group C,some college,none,83,83,90,85.33,23.3,91.6,medium,always,no,8.8,yes,A
female,group C,bachelor's degree,none,81,88,90,86.33,17.0,89.1,high,always,yes,7.5,yes,B
female,group B,high school,none,54,64,68,62.0,14.7,83.4,low,often,no,6.8,yes,B
male,group D,high school,completed,68,64,66,66.0,10.7,89.9,low,sometimes,yes,7.6,yes,B
female,group C,some college,none,54,48,52,51.33,6.7,85.1,high,rarely,yes,6.4,yes,F
female,group D,some college,completed,59,78,76,71.0,13.7,94.7,low,often,no,7.6,yes,B
female,group B,some high school,none,66,69,68,67.67,13.2,100.0,low,sometimes,yes,7.7,yes,C
male,group E,some college,none,76,71,72,73.0,17.5,85.4,medium,often,yes,6.8,yes,A
female,group D,master's degree,none,74,79,82,78.33,15.7,100.0,high,sometimes,yes,7.5,yes,B
female,group B,associate's degree,completed,94,87,92,91.0,28.6,91.5,medium,always,yes,7.4,yes,A
male,group C,some college,none,63,61,54,59.33,13.9,97.7,low,sometimes,no,5.5,yes,F
female,group E,associate's degree,completed,95,89,92,92.0,28.5,100.0,high,often,no,7.7,yes,A
female,group D,master's degree,none,40,59,54,51.0,2.6,96.9,low,sometimes,no,6.6,yes,D
female,group B,some high school,none,82,82,80,81.33,18.7,92.9,high,always,yes,7.9,yes,A
male,group A,high school,none,68,70,66,68.0,13.5,86.7,high,sometimes,no,7.1,yes,B
male,group B,bachelor's degree,none,55,59,54,56.0,13.2,79.5,high,often,yes,5.4,yes,C
male,group C,master's degree,none,79,78,77,78.0,18.7,88.1,low,always,yes,8.7,yes,B
female,group C,bachelor's degree,none,86,92,87,88.33,26.9,100.0,high,always,yes,7.6,yes,A
male,group D,some college,none,76,71,73,73.33,16.9,89.1,medium,always,yes,6.1,yes,B
male,group A,some high school,none,64,50,43,52.33,8.8,78.3,medium,rarely,no,6.9,yes,D
male,group D,some high school,none,62,49,52,54.33,2.1,79.7,low,rarely,no,5.9,yes,C
female,group B,some high school,completed,54,61,62,59.0,8.0,92.9,high,rarely,no,6.2,yes,D
female,group B,master's degree,completed,77,97,94,89.33,16.4,91.6,high,always,no,7.8,yes,B
female,group C,some high school,completed,76,87,85,82.67,12.9,98.1,high,always,no,8.4,yes,B
female,group D,some college,none,74,89,84,82.33,13.0,87.5,high,often,yes,8.3,yes,A
female,group E,some college,completed,66,74,73,71.0,17.3,90.1,medium,often,yes,6.3,yes,C
female,group D,some high school,completed,66,78,78,74.0,19.2,97.7,low,often,no,7.6,yes,A
female,group B,high school,completed,67,78,79,74.67,17.1,92.0,medium,sometimes,no,7.7,no,B
male,group D,some college,none,71,49,52,57.33,10.1,80.8,medium,sometimes,no,5.8,yes,C
female,group C,associate's degree,none,91,86,84,87.0,21.3,90.9,medium,always,yes,8.1,no,B
male,group D,bachelor's degree,none,69,58,57,61.33,10.8,96.7,low,sometimes,no,7.3,yes,C
male,group C,master's degree,none,54,59,50,54.33,3.1,90.8,low,rarely,no,6.4,yes,F
male,group C,high school,completed,53,52,49,51.33,6.0,91.7,medium,rarely,yes,5.6,yes,D
male,group E,some college,none,68,60,59,62.33,13.5,84.7,low,often,yes,7.0,yes,C
male,group C,some high school,completed,56,61,60,59.0,5.9,80.8,low,sometimes,no,5.5,yes,F
female,group C,high school,none,36,53,43,44.0,2.3,84.6,low,rarely,yes,6.2,no,F
female,group D,bachelor's degree,none,29,41,47,39.0,6.7,87.6,low,sometimes,no,5.4,yes,D
female,group C,associate's degree,none,62,74,70,68.67,8.6,100.0,low,sometimes,yes,7.5,yes,C
female,group C,associate's degree,completed,68,67,73,69.33,11.8,91.0,high,sometimes,no,7.9,yes,B
female,group C,some high school,none,47,54,53,51.33,6.7,96.5,low,rarely,yes,6.0,yes,D
male,group E,associate's degree,completed,62,61,58,60.33,15.0,89.1,low,sometimes,yes,7.8,yes,C
female,group E,associate's degree,completed,79,88,94,87.0,28.2,97.8,high,often,no,8.9,yes,B
male,group B,high school,completed,73,69,68,70.0,11.5,92.9,medium,often,no,6.7,yes,B
female,group C,bachelor's degree,completed,66,83,83,77.33,11.6,100.0,medium,sometimes,yes,8.2,no,B
male,group C,associate's degree,completed,51,60,58,56.33,8.5,94.8,medium,rarely,no,6.8,yes,C
female,group D,high school,none,51,66,62,59.67,6.4,82.9,medium,sometimes,yes,6.9,yes,D
male,group E,bachelor's degree,completed,85,66,71,74.0,18.3,86.3,medium,always,no,7.6,yes,C
male,group A,associate's degree,completed,97,92,86,91.67,17.5,100.0,high,often,no,7.1,yes,A
male,group C,high school,completed,75,69,68,70.67,15.8,100.0,medium,often,no,7.9,yes,C
male,group D,associate's degree,completed,79,82,80,80.33,10.9,100.0,high,sometimes,yes,8.3,yes,A
female,group C,associate's degree,none,81,77,79,79.0,16.0,100.0,medium,often,yes,7.1,no,C
female,group D,associate's degree,none,82,95,89,88.67,26.8,96.6,high,always,no,8.3,yes,A
female,group D,master's degree,none,64,63,66,64.33,9.1,100.0,medium,sometimes,yes,7.3,yes,B
male,group E,some high school,completed,78,83,80,80.33,10.6,98.9,high,often,yes,8.3,yes,A
female,group A,some high school,completed,92,100,97,96.33,18.3,95.8,high,always,yes,7.8,yes,A
male,group C,high school,completed,72,67,64,67.67,8.8,99.3,low,sometimes,yes,6.1,yes,C
female,group C,high school,none,62,67,64,64.33,13.8,92.6,high,rarely,yes,6.1,yes,C
male,group C,master's degree,none,79,72,69,73.33,16.5,85.4,high,always,yes,6.2,yes,A
male,group C,some high school,none,79,76,65,73.33,11.2,94.8,medium,often,no,7.4,no,A
male,group B,bachelor's degree,completed,87,90,88,88.33,22.6,100.0,medium,often,yes,8.3,yes,A
female,group B,associate's degree,none,40,48,50,46.0,5.3,75.8,low,rarely,yes,6.9,yes,D
male,group D,some college,none,77,62,64,67.67,8.2,90.4,medium,rarely,yes,7.6,yes,C
male,group E,associate's degree,none,53,45,40,46.0,5.8,93.8,low,rarely,yes,6.6,no,C
female,group C,some college,none,32,39,33,34.67,9.0,88.2,low,rarely,no,7.0,yes,D
female,group C,associate's degree,completed,55,72,79,68.67,8.3,97.5,medium,sometimes,no,7.6,no,B
male,group C,master's degree,none,61,67,66,64.67,11.9,84.4,medium,sometimes,no,7.0,no,B
female,group B,associate's degree,none,53,70,70,64.33,11.8,89.4,low,rarely,no,7.8,no,D
male,group D,some high school,none,73,66,62,67.0,7.1,89.4,medium,sometimes,no,6.7,yes,C
female,group D,some college,completed,74,75,79,76.0,11.6,94.8,medium,often,yes,8.5,yes,B
female,group C,some college,none,63,74,74,70.33,17.8,94.7,medium,always,no,7.6,yes,B
male,group C,bachelor's degree,completed,96,90,92,92.67,24.8,93.6,high,always,yes,8.0,yes,A
female,group D,some college,completed,63,80,80,74.33,15.0,90.5,high,sometimes,no,7.9,yes,B
male,group B,bachelor's degree,none,48,51,46,48.33,2.7,88.6,low,rarely,no,6.8,yes,C
male,group B,associate's degree,none,48,43,45,45.33,8.9,86.7,medium,rarely,no,5.9,yes,F
female,group E,bachelor's degree,completed,92,100,100,97.33,26.4,96.1,high,often,yes,7.6,yes,A
female,group D,master's degree,completed,61,71,78,70.0,14.3,95.6,low,sometimes,yes,7.0,yes,B
male,group B,high school,none,63,48,47,52.67,5.2,93.8,low,sometimes,no,6.6,no,C
male,group D,bachelor's degree,none,68,68,67,67.67,6.5,100.0,medium,sometimes,no,7.4,no,D
male,group B,some college,completed,71,75,70,72.0,17.2,89.7,high,sometimes,yes,7.8,yes,B
male,group A,bachelor's degree,none,91,96,92,93.0,17.8,100.0,high,always,yes,8.5,yes,A
female,group C,some college,none,53,62,56,57.0,9.1,83.2,high,sometimes,no,5.6,yes,D
female,group C,high school,completed,50,66,64,60.0,11.9,99.3,low,rarely,no,7.5,yes,C
female,group E,high school,none,74,81,71,75.33,15.0,91.4,medium,always,no,7.5,yes,B
male,group A,associate's degree,completed,40,55,53,49.33,3.6,92.1,medium,rarely,no,6.8,no,C
male,group A,some college,completed,61,51,52,54.67,9.7,85.8,low,rarely,no,5.2,yes,D
female,group B,high school,none,81,91,89,87.0,31.2,100.0,high,always,no,8.5,yes,A
female,group B,some college,completed,48,56,58,54.0,9.6,91.7,low,rarely,no,6.0,yes,D
female,group D,master's degree,none,53,61,68,60.67,13.0,97.5,low,often,yes,7.3,yes,D
female,group D,some high school,none,81,97,96,91.33,33.9,96.7,high,often,no,8.5,yes,A
female,group E,some high school,none,77,79,80,78.67,18.7,89.6,low,always,yes,8.7,yes,A
female,group D,bachelor's degree,none,63,73,78,71.33,18.4,94.8,low,always,no,7.2,yes,C
female,group D,associate's degree,completed,73,75,80,76.0,18.3,99.5,low,always,yes,8.4,yes,C
female,group D,some college,none,69,77,77,74.33,17.3,87.0,medium,always,yes,7.9,yes,B
female,group C,associate's degree,none,65,76,76,72.33,12.7,89.1,high,often,no,6.8,yes,A
female,group A,high school,none,55,73,73,67.0,10.4,100.0,medium,sometimes,yes,7.0,yes,D
female,group C,bachelor's degree,none,44,63,62,56.33,10.1,88.9,low,often,yes,5.1,yes,D
female,group C,some college,none,54,64,65,61.0,9.2,88.8,medium,rarely,no,7.3,yes,C
female,group A,some high school,none,48,66,65,59.67,7.6,94.9,medium,sometimes,no,7.0,yes,F
male,group C,some college,none,58,57,54,56.33,8.5,79.9,low,sometimes,yes,5.0,no,F
male,group A,some high school,none,71,62,50,61.0,12.4,83.7,low,rarely,no,7.9,yes,B
male,group E,bachelor's degree,none,68,68,64,66.67,10.1,89.2,medium,sometimes,no,6.2,yes,D
female,group E,high school,none,74,76,73,74.33,12.3,85.9,low,sometimes,yes,7.6,yes,B
female,group C,bachelor's degree,completed,92,100,99,97.0,28.5,100.0,high,always,yes,8.6,yes,B
female,group C,bachelor's degree,completed,56,79,72,69.0,9.8,100.0,high,sometimes,no,8.0,no,B
male,group B,high school,none,30,24,15,23.0,7.7,74.6,low,rarely,yes,6.6,yes,F
male,group A,some high school,none,53,54,48,51.67,2.0,83.4,low,rarely,yes,5.4,yes,C
female,group D,high school,none,69,77,73,73.0,14.2,91.9,high,always,no,6.7,yes,C
female,group D,some high school,none,65,82,81,76.0,10.6,91.3,medium,often,yes,8.6,yes,B
female,group D,master's degree,none,54,60,63,59.0,6.2,81.1,high,rarely,no,6.1,yes,F
female,group C,high school,none,29,29,30,29.33,4.0,87.0,low,sometimes,yes,6.0,yes,F
female,group E,some college,none,76,78,80,78.0,19.1,100.0,high,sometimes,yes,7.6,yes,B
male,group D,high school,none,60,57,51,56.0,10.4,81.9,medium,rarely,yes,6.0,yes,D
male,group D,master's degree,completed,84,89,90,87.67,27.9,92.3,high,often,yes,7.8,yes,A
male,group C,some high school,none,75,72,62,69.67,14.6,100.0,medium,rarely,yes,6.8,no,B
female,group C,associate's degree,none,85,84,82,83.67,17.6,90.1,high,often,no,7.7,yes,A
female,group C,master's degree,none,40,58,54,50.67,3.2,95.7,high,sometimes,no,6.6,yes,D
female,group E,some college,none,61,64,62,62.33,8.1,93.5,low,rarely,no,7.6,yes,B
female,group B,associate's degree,none,58,63,65,62.0,7.0,85.4,low,sometimes,no,7.4,yes,D
male,group D,some college,completed,69,60,63,64.0,7.0,90.7,high,rarely,yes,7.8,yes,C
female,group C,some college,none,58,59,66,61.0,5.3,94.1,low,rarely,no,6.5,yes,B
male,group C,bachelor's degree,completed,94,90,91,91.67,17.9,96.5,medium,always,yes,8.0,yes,A
female,group C,associate's degree,none,65,77,74,72.0,19.3,87.2,high,often,no,7.1,no,B
female,group A,associate's degree,none,82,93,93,89.33,25.7,93.7,medium,always,yes,7.7,yes,A
female,group C,high school,none,60,68,72,66.67,14.5,97.0,medium,often,yes,6.5,yes,C
female,group E,bachelor's degree,none,37,45,38,40.0,8.0,91.7,low,rarely,no,5.9,yes,D
male,group D,bachelor's degree,none,88,78,83,83.0,19.1,99.0,high,always,yes,7.9,no,A
male,group D,master's degree,none,95,81,84,86.67,30.9,100.0,high,always,no,8.7,yes,A
male,group C,associate's degree,completed,65,73,68,68.67,9.0,96.4,medium,often,yes,7.3,yes,C
female,group C,high school,none,35,61,54,50.0,6.4,80.7,low,sometimes,no,5.4,no,D
male,group B,bachelor's degree,none,62,63,56,60.33,14.6,88.7,medium,often,no,7.4,yes,C
male,group C,high school,completed,58,51,52,53.67,3.0,82.0,low,rarely,no,5.5,yes,F
male,group A,some college,completed,100,96,86,94.0,26.0,94.4,high,always,no,8.5,no,A
female,group E,bachelor's degree,none,61,58,62,60.33,8.4,93.1,low,often,yes,6.7,no,C
male,group D,some college,completed,100,97,99,98.67,22.9,100.0,high,always,no,7.2,yes,B
male,group B,associate's degree,completed,69,70,63,67.33,6.8,91.1,low,often,no,7.3,yes,C
male,group D,associate's degree,none,61,48,46,51.67,2.3,83.7,medium,sometimes,no,5.9,no,D
male,group D,some college,none,49,57,46,50.67,9.4,87.4,low,rarely,no,5.2,yes,D
female,group C,some high school,completed,44,51,55,50.0,6.5,88.7,low,rarely,no,6.9,yes,F
male,group D,some college,none,67,64,70,67.0,12.6,94.2,low,sometimes,no,7.2,yes,C
male,group B,high school,none,79,60,65,68.0,8.3,93.1,low,often,yes,6.2,yes,C
female,group B,bachelor's degree,completed,66,74,81,73.67,14.4,90.1,medium,often,no,7.8,yes,B
female,group C,high school,none,75,88,85,82.67,17.4,88.3,high,often,no,7.0,yes,B
male,group D,some high school,none,84,84,80,82.67,14.9,89.3,high,often,yes,7.5,yes,A
male,group A,high school,none,71,74,64,69.67,5.7,85.3,high,sometimes,yes,7.0,yes,B
female,group B,high school,completed,67,80,81,76.0,15.8,87.7,low,sometimes,no,7.2,yes,B
female,group D,some high school,completed,80,92,88,86.67,31.9,94.1,high,often,yes,8.2,yes,A
male,group E,some college,none,86,76,74,78.67,13.2,88.4,medium,sometimes,no,8.9,no,C
female,group D,associate's degree,none,76,74,73,74.33,16.0,98.8,medium,always,no,7.0,yes,B
male,group D,high school,none,41,52,51,48.0,4.5,94.5,low,rarely,no,6.2,yes,C
female,group D,associate's degree,completed,74,88,90,84.0,13.4,100.0,high,often,yes,7.0,no,A
female,group B,some high school,none,72,81,79,77.33,16.0,87.4,medium,always,yes,7.3,yes,B
female,group E,high school,completed,74,79,80,77.67,14.1,100.0,medium,always,yes,7.3,yes,B
male,group B,high school,none,70,65,60,65.0,14.1,96.9,medium,sometimes,yes,7.5,yes,C
female,group B,bachelor's degree,completed,65,81,81,75.67,16.2,86.0,medium,often,yes,9.0,yes,A
female,group D,associate's degree,none,59,70,65,64.67,7.0,96.9,medium,sometimes,yes,6.1,yes,D
female,group E,high school,none,64,62,68,64.67,13.9,83.3,medium,often,yes,7.7,yes,D
female,group B,high school,none,50,53,55,52.67,8.0,96.4,medium,rarely,no,5.6,yes,D
female,group D,some college,completed,69,79,81,76.33,17.7,100.0,medium,always,no,7.1,yes,B
male,group C,some high school,completed,51,56,53,53.33,4.4,97.4,medium,sometimes,no,5.8,no,D
female,group A,high school,completed,68,80,76,74.67,18.7,88.5,high,often,yes,7.5,yes,B
female,group D,some college,completed,85,86,98,89.67,23.9,100.0,high,often,yes,7.9,yes,A
female,group A,associate's degree,completed,65,70,74,69.67,9.0,84.4,medium,often,yes,7.2,yes,C
female,group B,some high school,none,73,79,79,77.0,17.0,93.9,medium,sometimes,yes,8.3,yes,B
female,group B,some college,none,62,67,67,65.33,14.8,90.2,medium,often,no,7.2,yes,D
male,group C,associate's degree,none,77,67,64,69.33,9.6,92.6,medium,often,no,6.2,no,C
male,group D,some high school,none,69,66,61,65.33,5.7,92.8,medium,often,yes,7.7,yes,B
female,group D,associate's degree,none,43,60,58,53.67,9.8,88.1,low,rarely,no,5.6,yes,C
male,group D,associate's degree,none,90,87,85,87.33,21.0,100.0,high,always,yes,7.7,no,A
male,group C,some college,none,74,77,73,74.67,19.9,94.6,low,always,no,7.4,no,A
male,group C,some high school,none,73,66,63,67.33,6.0,96.9,medium,rarely,yes,6.0,yes,B
female,group D,some college,none,55,71,69,65.0,9.7,93.8,medium,rarely,no,6.0,yes,D
female,group C,high school,none,65,69,67,67.0,9.3,93.0,medium,sometimes,no,7.8,yes,C
male,group D,associate's degree,none,80,63,63,68.67,14.3,100.0,medium,sometimes,yes,7.9,yes,C
female,group C,some high school,completed,50,60,60,56.67,7.8,84.5,medium,often,yes,6.2,yes,C
female,group C,some college,completed,63,73,71,69.0,9.4,93.2,medium,sometimes,yes,6.6,no,D
female,group B,bachelor's degree,none,77,85,87,83.0,13.3,99.1,high,sometimes,no,8.9,yes,A
male,group C,some college,none,73,74,61,69.33,14.6,93.9,low,sometimes,no,7.4,yes,D
male,group D,associate's degree,completed,81,72,77,76.67,12.9,96.3,medium,often,yes,9.0,no,B
female,group C,high school,none,66,76,68,70.0,16.0,87.9,medium,always,no,8.0,yes,B
male,group D,associate's degree,none,52,57,50,53.0,8.2,81.1,low,rarely,no,6.6,yes,D
female,group C,some college,none,69,78,76,74.33,15.8,91.6,high,often,yes,7.0,yes,A
female,group C,associate's degree,completed,65,84,84,77.67,16.5,96.1,medium,always,yes,8.7,yes,B
female,group D,high school,completed,69,77,78,74.67,18.7,96.6,high,often,yes,6.9,yes,C
female,group B,some college,completed,50,64,66,60.0,7.4,99.3,high,sometimes,yes,7.8,no,C
female,group E,some college,completed,73,78,76,75.67,13.2,95.7,medium,often,no,7.1,yes,B
female,group C,some high school,completed,70,82,76,76.0,13.5,91.6,medium,often,yes,7.6,no,B
male,group D,associate's degree,none,81,75,78,78.0,14.4,97.5,high,often,yes,8.4,yes,A
male,group D,some college,none,63,61,60,61.33,11.8,81.7,medium,often,yes,7.7,yes,D
female,group D,high school,none,67,72,74,71.0,14.6,88.0,low,always,yes,6.4,yes,B
male,group B,high school,none,60,68,60,62.67,10.4,83.4,low,sometimes,yes,6.8,yes,C
male,group B,high school,none,62,55,54,57.0,8.7,86.8,high,often,no,5.5,yes,D
female,group C,some high school,completed,29,40,44,37.67,4.1,82.7,medium,sometimes,no,5.7,yes,D
male,group B,some college,completed,62,66,68,65.33,5.6,95.8,low,sometimes,yes,7.4,yes,C
female,group E,master's degree,completed,94,99,100,97.67,31.2,98.4,high,always,yes,9.0,yes,A
male,group E,some college,completed,85,75,68,76.0,16.1,100.0,low,always,yes,7.5,yes,B
male,group D,associate's degree,none,77,78,73,76.0,15.8,100.0,medium,always,yes,7.1,yes,B
male,group A,high school,none,53,58,44,51.67,4.5,80.9,medium,rarely,yes,5.9,yes,F
male,group E,some college,none,93,90,83,88.67,32.4,100.0,medium,always,no,8.5,yes,A
female,group C,associate's degree,none,49,53,53,51.67,8.7,88.8,medium,rarely,no,5.1,yes,C
female,group E,associate's degree,none,73,76,78,75.67,14.4,91.1,medium,sometimes,yes,8.6,yes,A
female,group C,bachelor's degree,completed,66,74,81,73.67,11.5,100.0,medium,often,yes,7.3,no,C
female,group D,associate's degree,none,77,77,73,75.67,16.3,86.7,low,sometimes,yes,7.3,yes,B
female,group C,some high school,none,49,63,56,56.0,14.4,90.9,high,often,yes,6.5,yes,D
female,group D,some college,none,79,89,86,84.67,13.4,100.0,high,often,no,7.0,yes,B
female,group C,associate's degree,completed,75,82,90,82.33,18.4,100.0,high,sometimes,no,8.3,yes,A
female,group A,bachelor's degree,none,59,72,70,67.0,11.5,100.0,high,sometimes,yes,6.7,no,C
female,group D,associate's degree,completed,57,78,79,71.33,14.6,84.9,medium,often,no,7.3,yes,B
male,group C,high school,none,66,66,59,63.67,5.7,100.0,low,sometimes,yes,7.4,yes,C
female,group E,bachelor's degree,completed,79,81,82,80.67,12.7,93.2,medium,always,yes,8.2,no,B
female,group B,some high school,none,57,67,72,65.33,9.5,91.0,low,sometimes,no,6.5,yes,D
male,group A,bachelor's degree,completed,87,84,87,86.0,32.5,93.5,high,often,yes,8.8,no,B
female,group D,some college,none,63,64,67,64.67,5.5,98.4,medium,sometimes,no,6.2,yes,C
female,group B,some high school,completed,59,63,64,62.0,6.9,84.4,low,rarely,no,7.7,yes,B
male,group A,bachelor's degree,none,62,72,65,66.33,10.7,98.5,medium,sometimes,no,6.5,yes,C
male,group D,high school,none,46,34,36,38.67,7.0,84.5,medium,sometimes,yes,5.7,yes,C
male,group C,some college,none,66,59,52,59.0,11.8,96.8,high,sometimes,yes,5.2,no,D
male,group D,high school,none,89,87,79,85.0,27.4,100.0,high,always,yes,8.5,no,A
female,group D,associate's degree,completed,42,61,58,53.67,7.1,84.2,high,rarely,no,5.3,yes,C
male,group C,some college,completed,93,84,90,89.0,19.7,99.6,high,always,yes,8.5,yes,B
female,group E,some high school,completed,80,85,85,83.33,11.5,100.0,high,sometimes,yes,8.2,yes,A
female,group D,some college,none,98,100,99,99.0,24.0,100.0,high,always,yes,7.7,yes,A
male,group D,master's degree,none,81,81,84,82.0,19.2,92.6,high,sometimes,yes,8.8,yes,B
female,group B,some high school,completed,60,70,74,68.0,9.5,100.0,medium,sometimes,yes,6.6,yes,B
female,group B,associate's degree,completed,76,94,87,85.67,17.1,97.0,high,often,yes,8.3,yes,A
male,group C,associate's degree,completed,73,78,72,74.33,11.7,100.0,high,often,no,7.1,yes,B
female,group C,associate's degree,completed,96,96,99,97.0,27.6,97.7,medium,always,no,8.1,no,B
female,group C,high school,none,76,76,74,75.33,11.6,98.9,medium,always,no,8.4,yes,B
male,group E,associate's degree,completed,91,73,80,81.33,11.1,100.0,high,often,yes,7.9,yes,A
female,group C,some college,none,62,72,70,68.0,12.6,100.0,high,rarely,no,7.5,yes,B
male,group D,some high school,completed,55,59,59,57.67,7.7,97.5,medium,often,yes,6.4,yes,D
female,group B,some high school,completed,74,90,88,84.0,16.3,90.9,high,often,yes,7.8,yes,A
male,group C,high school,none,50,48,42,46.67,2.1,93.7,low,sometimes,no,5.4,yes,D
male,group B,some college,none,47,43,41,43.67,9.7,92.9,low,sometimes,yes,7.0,no,C
male,group E,some college,completed,81,74,71,75.33,13.0,87.1,medium,always,yes,7.2,yes,C
female,group E,associate's degree,completed,65,75,77,72.33,16.3,92.4,low,always,no,6.6,yes,A
male,group E,some high school,completed,68,51,57,58.67,6.2,91.2,high,sometimes,no,5.9,yes,D
female,group D,high school,none,73,92,84,83.0,11.7,94.9,high,sometimes,yes,8.1,no,A
male,group C,some college,none,53,39,37,43.0,8.5,83.0,medium,rarely,no,5.8,yes,D
female,group B,associate's degree,completed,68,77,80,75.0,14.2,87.9,low,sometimes,no,7.5,yes,B
male,group A,some high school,none,55,46,43,48.0,4.6,86.1,low,sometimes,no,6.7,yes,D
female,group C,some college,completed,87,89,94,90.0,17.9,90.2,medium,always,yes,8.0,yes,A
male,group D,some high school,none,55,47,44,48.67,7.7,85.1,medium,rarely,no,6.2,yes,C
female,group E,some college,none,53,58,57,56.0,11.3,95.3,medium,sometimes,no,6.3,yes,D
male,group C,master's degree,none,67,57,59,61.0,7.0,92.9,low,often,no,7.0,yes,D
male,group C,associate's degree,none,92,79,84,85.0,31.0,97.4,high,always,yes,7.4,yes,A
female,group B,some college,completed,53,66,73,64.0,14.1,88.0,high,sometimes,no,7.1,yes,C
male,group D,associate's degree,none,81,71,73,75.0,11.0,97.5,medium,always,yes,7.3,yes,C
male,group C,high school,none,61,60,55,58.67,12.1,87.9,medium,rarely,no,6.3,yes,D
male,group D,bachelor's degree,none,80,73,72,75.0,11.1,100.0,low,always,yes,8.4,yes,B
female,group A,associate's degree,none,37,57,56,50.0,6.9,94.5,low,rarely,yes,7.0,yes,D
female,group C,high school,none,81,84,82,82.33,16.8,91.7,high,often,yes,7.5,yes,B
female,group C,associate's degree,completed,59,73,72,68.0,14.7,89.5,medium,rarely,no,7.7,yes,B
male,group B,some college,none,55,55,47,52.33,8.3,89.8,low,sometimes,yes,5.7,yes,F
male,group D,associate's degree,none,72,79,74,75.0,14.0,100.0,medium,always,yes,8.8,no,A
male,group D,high school,none,69,75,71,71.67,19.4,100.0,high,often,no,7.7,yes,C
male,group C,some college,none,69,64,68,67.0,5.5,85.3,medium,sometimes,no,6.0,no,B
female,group C,bachelor's degree,none,50,60,59,56.33,6.4,79.1,medium,often,no,6.6,yes,D
male,group B,some college,completed,87,84,86,85.67,24.2,98.5,medium,always,yes,8.5,yes,A
male,group D,some high school,completed,71,69,68,69.33,11.5,86.6,high,sometimes,yes,7.9,yes,B
male,group E,some college,none,68,72,65,68.33,11.3,87.8,high,often,no,7.0,yes,C
male,group C,master's degree,completed,79,77,75,77.0,11.3,96.6,medium,sometimes,yes,8.7,no,A
female,group C,some high school,completed,77,90,85,84.0,10.9,93.3,high,sometimes,no,7.2,yes,A
male,group C,associate's degree,none,58,55,53,55.33,12.9,83.1,medium,sometimes,no,6.7,yes,F
female,group E,associate's degree,none,84,95,92,90.33,26.9,92.7,high,often,no,8.5,yes,A
male,group D,some college,none,55,58,52,55.0,13.1,97.1,medium,often,no,5.8,no,D
male,group E,bachelor's degree,completed,70,68,72,70.0,14.7,93.1,high,always,no,6.7,yes,B
female,group D,some college,completed,52,59,65,58.67,7.4,95.4,medium,sometimes,yes,5.5,no,D
male,group B,some college,completed,69,77,77,74.33,11.7,94.0,medium,sometimes,yes,7.1,yes,B
female,group C,high school,none,53,72,64,63.0,9.5,100.0,low,sometimes,yes,6.9,yes,C
female,group D,some high school,none,48,58,54,53.33,7.7,78.2,medium,sometimes,yes,6.1,yes,D
male,group D,some high school,completed,78,81,86,81.67,10.5,100.0,medium,always,yes,8.4,yes,B
female,group B,high school,none,62,62,63,62.33,6.3,84.3,medium,rarely,yes,7.9,no,C
male,group D,some college,none,60,63,59,60.67,14.2,91.1,low,often,no,8.0,yes,C
female,group B,high school,none,74,72,72,72.67,10.5,86.5,low,always,no,7.6,yes,B
female,group C,high school,completed,58,75,77,70.0,11.5,89.0,medium,always,no,6.2,yes,A
male,group B,high school,completed,76,62,60,66.0,9.1,100.0,medium,often,no,6.7,yes,D
female,group D,some high school,none,68,71,75,71.33,17.8,87.1,medium,often,no,7.9,yes,B
male,group A,some college,none,58,60,57,58.33,5.5,80.7,low,rarely,no,6.4,yes,F
male,group B,high school,none,52,48,49,49.67,3.2,82.6,low,rarely,yes,6.0,yes,F
male,group D,bachelor's degree,none,75,73,74,74.0,10.6,87.5,low,always,yes,7.7,yes,B
female,group B,some high school,completed,52,67,72,63.67,10.6,84.6,low,sometimes,no,6.4,yes,D
female,group C,bachelor's degree,none,62,78,79,73.0,10.2,100.0,high,often,yes,6.3,yes,B
male,group B,some college,none,66,65,60,63.67,12.8,100.0,medium,rarely,yes,7.7,yes,B
female,group B,some high school,none,49,58,55,54.0,7.6,86.1,high,sometimes,yes,6.9,yes,D
female,group B,high school,none,66,72,70,69.33,9.0,84.1,medium,rarely,no,6.7,yes,D
female,group C,some college,none,35,44,43,40.67,3.2,80.9,low,rarely,no,6.4,yes,D
female,group A,some college,completed,72,79,82,77.67,11.1,98.5,low,always,no,7.8,yes,C
male,group E,associate's degree,completed,94,85,82,87.0,26.1,92.5,high,always,yes,8.3,no,B
female,group D,associate's degree,none,46,56,57,53.0,9.4,79.6,medium,sometimes,no,6.2,yes,D
female,group B,master's degree,none,77,90,84,83.67,17.2,89.6,high,sometimes,yes,7.0,yes,A
female,group B,high school,completed,76,85,82,81.0,16.2,100.0,high,often,yes,8.7,yes,B
female,group C,associate's degree,completed,52,59,62,57.67,13.4,89.2,high,rarely,yes,6.3,yes,F
male,group C,bachelor's degree,completed,91,81,79,83.67,10.7,98.9,high,always,yes,7.7,no,A
female,group B,some high school,completed,32,51,44,42.33,8.6,85.4,medium,sometimes,yes,6.1,no,D
female,group E,some high school,none,72,79,77,76.0,19.7,94.4,low,often,no,7.6,no,C
female,group B,some college,none,19,38,32,29.67,4.8,71.6,medium,rarely,no,5.9,yes,D
male,group C,associate's degree,none,68,65,61,64.67,8.8,90.4,low,sometimes,no,7.6,yes,C
female,group C,master's degree,none,52,65,61,59.33,11.7,85.2,low,often,no,6.2,yes,C
female,group B,high school,none,48,62,60,56.67,11.2,89.1,medium,sometimes,yes,5.4,no,D
female,group D,some college,none,60,66,70,65.33,9.7,82.8,low,often,no,7.0,yes,C
male,group D,high school,none,66,74,69,69.67,6.7,87.0,medium,sometimes,yes,7.3,yes,D
male,group E,some high school,completed,89,84,77,83.33,14.2,89.2,high,always,yes,8.4,yes,A
female,group B,high school,none,42,52,51,48.33,2.3,87.5,medium,sometimes,no,5.9,no,D
female,group E,associate's degree,completed,57,68,73,66.0,5.6,91.3,medium,sometimes,no,7.2,yes,B
male,group D,high school,none,70,70,70,70.0,15.0,99.9,medium,often,no,7.8,yes,A
female,group E,associate's degree,none,70,84,81,78.33,17.4,100.0,high,always,yes,8.1,yes,B
male,group E,some college,none,69,60,54,61.0,9.6,92.9,medium,often,yes,7.1,yes,C
female,group C,associate's degree,none,52,55,57,54.67,8.0,92.1,high,rarely,no,5.7,yes,F
male,group C,some high school,completed,67,73,68,69.33,11.8,100.0,medium,often,yes,7.8,yes,C
male,group C,some high school,completed,76,80,73,76.33,15.1,100.0,low,often,no,7.8,yes,B
female,group E,associate's degree,none,87,94,95,92.0,22.7,100.0,high,always,no,7.9,yes,A
female,group B,some college,none,82,85,87,84.67,14.4,91.4,high,always,yes,8.2,yes,B
female,group C,some college,none,73,76,78,75.67,18.8,95.5,high,often,yes,7.2,yes,B
male,group A,some college,none,75,81,74,76.67,12.7,86.0,high,sometimes,yes,8.1,no,B
female,group D,some college,none,64,74,75,71.0,10.6,94.7,high,always,no,6.6,no,A
female,group E,high school,none,41,45,40,42.0,6.9,82.1,low,rarely,yes,6.4,no,C
male,group C,high school,none,90,75,69,78.0,18.1,87.1,medium,sometimes,no,8.5,yes,C
male,group B,bachelor's degree,none,59,54,51,54.67,7.2,97.6,medium,sometimes,no,5.2,yes,C
male,group A,some high school,none,51,31,36,39.33,6.7,82.8,low,rarely,yes,6.0,no,D
male,group A,high school,none,45,47,49,47.0,5.4,90.0,low,rarely,no,5.4,no,C
female,group C,master's degree,completed,54,64,67,61.67,8.7,81.1,low,often,yes,6.2,yes,B
male,group E,some high school,completed,87,84,76,82.33,10.8,100.0,high,always,no,8.4,yes,B
female,group C,high school,none,72,80,83,78.33,18.5,100.0,medium,often,no,8.5,no,A
male,group B,some high school,completed,94,86,87,89.0,19.5,93.9,high,often,yes,9.0,yes,B
female,group A,bachelor's degree,none,45,59,64,56.0,8.7,95.5,medium,often,no,5.0,yes,C
male,group D,bachelor's degree,completed,61,70,76,69.0,11.7,100.0,medium,sometimes,yes,7.6,no,C
female,group B,high school,none,60,72,68,66.67,9.9,83.9,medium,sometimes,yes,6.9,yes,C
female,group C,some high school,none,77,91,88,85.33,26.7,88.6,high,always,yes,7.1,yes,B
female,group A,some high school,completed,85,90,92,89.0,19.8,96.1,medium,always,yes,7.7,yes,A
female,group D,bachelor's degree,none,78,90,93,87.0,22.7,97.4,high,often,yes,8.8,yes,B
male,group E,some college,completed,49,52,51,50.67,9.4,82.3,low,rarely,no,6.9,yes,C
female,group B,high school,none,71,87,82,80.0,16.7,94.9,high,sometimes,yes,8.6,yes,A
female,group C,some high school,none,48,58,52,52.67,5.1,94.6,medium,rarely,yes,5.5,no,D
male,group C,high school,none,62,67,58,62.33,10.3,92.7,low,often,no,6.2,yes,C
female,group C,associate's degree,completed,56,68,70,64.67,14.4,87.7,high,often,yes,6.1,yes,C
female,group C,some high school,none,65,69,76,70.0,12.0,90.8,medium,always,yes,6.8,yes,B
female,group D,some high school,completed,69,86,81,78.67,18.2,89.7,high,always,yes,8.4,yes,A
male,group B,some high school,none,68,54,53,58.33,11.7,89.9,medium,sometimes,no,6.2,yes,D
female,group A,some college,none,61,60,57,59.33,12.6,95.7,medium,often,yes,5.8,no,F
female,group C,bachelor's degree,completed,74,86,89,83.0,16.9,100.0,medium,always,yes,7.4,yes,A
male,group A,bachelor's degree,none,64,60,58,60.67,7.5,86.6,low,sometimes,no,6.9,yes,C
female,group B,high school,completed,77,82,89,82.67,18.9,100.0,high,always,yes,7.3,yes,B
male,group B,some college,none,58,50,45,51.0,4.0,78.3,low,sometimes,no,5.5,yes,D
female,group C,high school,completed,60,64,74,66.0,11.6,86.7,high,sometimes,no,6.0,yes,C
male,group E,high school,none,73,64,57,64.67,10.4,83.0,medium,sometimes,no,7.6,yes,C
female,group A,high school,completed,75,82,79,78.67,16.6,93.3,high,often,yes,8.5,yes,B
male,group B,associate's degree,completed,58,57,53,56.0,9.6,95.0,high,sometimes,no,6.8,yes,C
female,group C,associate's degree,none,66,77,73,72.0,17.1,100.0,high,often,yes,6.9,yes,B
female,group D,high school,none,39,52,46,45.67,8.2,76.7,medium,rarely,no,5.2,yes,C
male,group C,some high school,none,64,58,51,57.67,14.6,95.4,medium,sometimes,no,5.7,yes,D
female,group B,high school,completed,23,44,36,34.33,9.6,71.5,low,sometimes,yes,5.2,yes,F
male,group B,some college,completed,74,77,76,75.67,14.8,100.0,medium,sometimes,no,7.8,yes,B
female,group D,some high school,completed,40,65,64,56.33,8.0,80.5,low,sometimes,no,6.1,no,C
male,group E,master's degree,none,90,85,84,86.33,20.6,92.0,medium,always,no,8.8,no,A
male,group C,master's degree,completed,91,85,85,87.0,32.6,95.6,medium,always,yes,7.3,yes,A
male,group D,high school,none,64,54,50,56.0,12.4,87.7,high,rarely,yes,6.0,yes,D
female,group C,high school,none,59,72,68,66.33,12.3,99.6,high,often,no,7.1,no,C
male,group D,associate's degree,none,80,75,69,74.67,14.0,91.2,medium,often,no,6.6,yes,B
male,group C,master's degree,none,71,67,67,68.33,5.6,85.0,medium,sometimes,no,7.6,yes,C
female,group A,high school,none,61,68,63,64.0,8.3,87.7,medium,rarely,yes,7.6,yes,B
female,group E,some college,none,87,85,93,88.33,19.7,100.0,high,always,yes,8.0,no,B
male,group E,some high school,none,82,67,61,70.0,12.2,99.6,low,often,no,6.8,no,A
male,group C,some high school,none,62,64,55,60.33,10.1,98.5,high,rarely,yes,7.2,yes,D
female,group B,bachelor's degree,none,97,97,96,96.67,33.3,95.6,medium,often,no,7.4,yes,A
male,group B,some college,none,75,68,65,69.33,11.0,84.5,medium,often,no,7.6,yes,C
female,group C,bachelor's degree,none,65,79,81,75.0,16.3,90.5,high,always,yes,8.8,no,A
male,group B,high school,completed,52,49,46,49.0,6.3,82.4,low,rarely,no,6.9,yes,C
male,group C,associate's degree,none,87,73,72,77.33,16.2,92.6,high,often,yes,7.4,yes,B
female,group C,associate's degree,none,53,62,53,56.0,12.7,82.8,low,sometimes,no,6.9,yes,D
female,group E,master's degree,none,81,86,87,84.67,11.5,98.4,high,always,no,7.8,yes,B
male,group D,bachelor's degree,completed,39,42,38,39.67,8.5,73.3,low,rarely,yes,5.4,yes,D
female,group C,some college,completed,71,71,80,74.0,12.6,85.7,medium,always,no,7.0,yes,C
male,group C,associate's degree,none,97,93,91,93.67,19.0,95.5,high,often,yes,8.8,yes,A
male,group D,some college,completed,82,82,88,84.0,19.3,89.0,high,often,yes,7.1,yes,A
male,group C,high school,none,59,53,52,54.67,7.6,91.0,low,rarely,no,5.3,no,D
male,group B,associate's degree,none,61,42,41,48.0,4.5,91.3,low,rarely,no,6.7,yes,C
male,group E,associate's degree,completed,78,74,72,74.67,15.7,100.0,low,often,no,6.0,yes,B
male,group C,associate's degree,none,49,51,51,50.33,5.6,76.9,high,rarely,no,6.4,yes,F
male,group B,high school,none,59,58,47,54.67,6.3,86.2,high,sometimes,yes,5.3,no,D
female,group C,some college,completed,70,72,76,72.67,16.6,93.6,low,always,yes,6.8,yes,B
male,group B,associate's degree,completed,82,84,78,81.33,17.5,100.0,high,sometimes,yes,8.1,no,B
male,group E,associate's degree,none,90,90,82,87.33,31.9,95.2,high,always,yes,7.1,no,A
female,group C,bachelor's degree,none,43,62,61,55.33,7.4,80.1,high,sometimes,no,6.8,yes,D
male,group C,some college,none,80,64,66,70.0,10.4,87.1,high,always,yes,6.8,yes,A
male,group D,some college,none,81,82,84,82.33,12.4,91.6,high,always,yes,7.4,yes,B
male,group C,some high school,none,57,61,54,57.33,7.4,80.7,low,often,no,6.6,no,D
female,group D,some high school,none,59,72,80,70.33,16.0,93.3,low,always,yes,6.3,yes,B
female,group D,associate's degree,none,64,76,74,71.33,15.9,95.5,medium,always,yes,6.9,yes,B
male,group C,bachelor's degree,completed,63,64,66,64.33,12.8,89.3,medium,rarely,no,6.8,yes,B
female,group E,bachelor's degree,completed,71,70,70,70.33,12.1,93.2,high,often,no,7.0,yes,A
female,group B,high school,none,64,73,71,69.33,13.0,88.1,high,often,no,7.0,yes,C
male,group D,bachelor's degree,none,55,46,44,48.33,3.0,88.1,low,rarely,yes,5.4,yes,D
female,group E,associate's degree,none,51,51,54,52.0,7.0,78.8,medium,rarely,no,6.3,yes,D
female,group C,associate's degree,completed,62,76,80,72.67,13.4,99.5,medium,often,no,6.0,yes,B
female,group E,associate's degree,completed,93,100,95,96.0,21.2,93.7,medium,always,yes,7.3,yes,A
male,group C,high school,none,54,72,59,61.67,13.4,81.4,low,often,yes,6.4,no,C
female,group D,some college,none,69,65,74,69.33,7.6,84.5,low,sometimes,no,6.8,yes,D
male,group D,high school,none,44,51,48,47.67,5.3,79.7,low,sometimes,no,5.1,yes,D
female,group E,some college,completed,86,85,91,87.33,33.1,91.6,high,always,yes,8.0,yes,A
female,group E,associate's degree,none,85,92,85,87.33,21.5,100.0,high,always,yes,7.3,yes,B
female,group A,master's degree,none,50,67,73,63.33,13.7,93.6,medium,rarely,no,6.3,yes,C
male,group D,some high school,completed,88,74,75,79.0,19.3,100.0,high,often,yes,8.2,yes,A
female,group E,associate's degree,none,59,62,69,63.33,14.6,98.9,low,often,no,6.9,yes,C
female,group E,some high school,none,32,34,38,34.67,7.8,79.8,low,sometimes,no,5.1,no,D
male,group B,high school,none,36,29,27,30.67,4.1,75.1,low,sometimes,yes,6.5,yes,D
female,group B,some high school,completed,63,78,79,73.33,19.9,99.9,medium,often,yes,6.8,yes,B
male,group D,associate's degree,completed,67,54,63,61.33,7.3,98.9,medium,sometimes,no,7.2,yes,C
female,group D,some high school,completed,65,78,82,75.0,15.0,88.5,high,often,yes,8.5,no,C
male,group D,master's degree,none,85,84,89,86.0,22.4,91.4,high,often,no,7.4,yes,A
female,group C,master's degree,none,73,78,74,75.0,13.8,100.0,medium,sometimes,yes,8.0,yes,B
female,group A,high school,completed,34,48,41,41.0,6.5,88.0,medium,sometimes,no,5.5,yes,D
female,group D,bachelor's degree,completed,93,100,100,97.67,32.9,100.0,high,often,no,7.8,yes,A
female,group D,some high school,none,67,84,84,78.33,10.5,97.0,medium,often,yes,8.7,yes,B
male,group D,some college,none,88,77,77,80.67,18.2,100.0,medium,often,yes,7.1,yes,B
male,group B,high school,none,57,48,51,52.0,3.3,93.6,high,sometimes,yes,6.8,yes,D
female,group D,some college,completed,79,84,91,84.67,10.5,89.1,high,often,yes,7.4,yes,A
female,group C,bachelor's degree,none,67,75,72,71.33,18.1,85.4,low,often,no,6.7,yes,C
male,group E,bachelor's degree,completed,70,64,70,68.0,11.4,83.1,medium,often,yes,6.2,yes,C
male,group D,bachelor's degree,none,50,42,48,46.67,6.6,76.6,low,sometimes,yes,6.0,yes,C
female,group A,some college,none,69,84,82,78.33,19.5,100.0,high,sometimes,yes,8.0,yes,C
female,group C,bachelor's degree,completed,52,61,66,59.67,6.6,89.6,low,sometimes,yes,5.9,yes,F
female,group C,bachelor's degree,completed,47,62,66,58.33,5.4,97.7,high,sometimes,no,5.1,no,D
female,group B,associate's degree,none,46,61,55,54.0,4.4,85.3,low,sometimes,yes,6.3,yes,F
female,group E,some college,none,68,70,66,68.0,7.5,93.3,medium,often,yes,6.4,yes,C
male,group E,bachelor's degree,completed,100,100,100,100.0,18.8,100.0,high,always,no,8.0,yes,A
female,group C,high school,none,44,61,52,52.33,2.4,82.8,medium,rarely,no,5.8,yes,D
female,group C,associate's degree,completed,57,77,80,71.33,15.1,89.1,medium,often,no,7.9,yes,A
male,group B,some college,completed,91,96,91,92.67,24.9,100.0,medium,always,no,8.9,yes,B
male,group D,high school,none,69,70,67,68.67,12.0,92.0,medium,often,no,6.7,yes,C
female,group C,high school,none,35,53,46,44.67,3.5,92.9,low,sometimes,yes,6.2,yes,C
male,group D,high school,none,72,66,66,68.0,10.3,90.7,medium,rarely,no,6.3,no,C
female,group B,associate's degree,none,54,65,65,61.33,11.9,87.0,low,often,yes,6.8,yes,B
male,group D,high school,none,74,70,69,71.0,18.1,94.4,medium,sometimes,yes,7.8,yes,B
male,group E,some high school,completed,74,64,60,66.0,5.7,95.8,medium,sometimes,yes,6.4,yes,D
male,group E,associate's degree,none,64,56,52,57.33,6.8,91.1,medium,sometimes,yes,6.7,yes,D
female,group D,high school,completed,65,61,71,65.67,8.0,85.5,low,often,yes,7.4,yes,C
male,group E,associate's degree,completed,46,43,44,44.33,5.8,82.1,low,rarely,no,6.3,yes,D
female,group C,some high school,none,48,56,51,51.67,3.5,81.4,low,sometimes,yes,5.5,yes,C
male,group C,some college,completed,67,74,70,70.33,16.4,84.9,low,always,yes,7.4,yes,B
male,group D,some college,none,62,57,62,60.33,11.5,82.4,medium,sometimes,yes,7.2,no,D
male,group D,associate's degree,completed,61,71,73,68.33,11.1,90.9,medium,sometimes,no,6.7,no,C
male,group C,bachelor's degree,completed,70,75,74,73.0,13.7,92.0,high,always,no,6.7,no,A
male,group C,associate's degree,completed,98,87,90,91.67,32.4,100.0,high,always,yes,7.0,no,A
male,group D,some college,none,70,63,58,63.67,8.4,84.0,medium,sometimes,no,7.4,yes,D
male,group A,associate's degree,none,67,57,53,59.0,11.0,95.8,low,sometimes,yes,6.1,no,C
female,group E,high school,none,57,58,57,57.33,5.7,96.1,low,sometimes,no,6.7,yes,C
male,group D,some college,completed,85,81,85,83.67,15.6,100.0,high,often,yes,8.9,no,B
male,group D,some high school,completed,77,68,69,71.33,10.2,86.0,medium,always,yes,6.5,yes,A
male,group C,master's degree,completed,72,66,72,70.0,13.7,93.4,medium,always,yes,7.2,yes,B
female,group D,master's degree,none,78,91,96,88.33,27.8,94.6,medium,often,yes,8.0,no,B
male,group C,high school,none,81,66,64,70.33,17.9,90.5,medium,often,yes,6.1,yes,C
male,group A,some high school,completed,61,62,61,61.33,6.7,81.4,medium,sometimes,no,7.4,no,C
female,group B,high school,none,58,68,61,62.33,11.6,90.1,medium,sometimes,yes,7.0,yes,D
female,group C,associate's degree,none,54,61,58,57.67,12.4,92.5,low,often,no,6.8,no,C
male,group B,high school,none,82,82,80,81.33,18.2,87.9,high,often,yes,8.5,yes,A
female,group D,some college,none,49,58,60,55.67,10.8,92.8,high,often,no,5.8,yes,C
male,group B,some high school,completed,49,50,52,50.33,6.3,90.3,medium,sometimes,no,5.1,yes,F
female,group E,high school,completed,57,75,73,68.33,12.2,100.0,low,often,yes,6.0,no,C
male,group E,high school,none,94,73,71,79.33,16.7,90.0,medium,always,yes,8.3,yes,B
female,group D,some college,completed,75,77,83,78.33,13.4,90.3,medium,sometimes,no,7.8,yes,B
female,group E,some high school,none,74,74,72,73.33,13.2,99.3,high,often,no,7.1,yes,B
male,group C,high school,completed,58,52,54,54.67,6.1,91.2,high,rarely,no,6.5,yes,D
female,group C,some college,none,62,69,69,66.67,8.3,100.0,medium,rarely,yes,7.2,yes,B
male,group E,associate's degree,none,72,57,62,63.67,9.5,87.9,medium,sometimes,yes,7.4,yes,C
male,group C,some college,none,84,87,81,84.0,13.2,99.8,medium,sometimes,yes,8.6,yes,B
female,group D,master's degree,none,92,100,100,97.33,29.3,100.0,high,always,yes,8.2,yes,A
female,group D,high school,none,45,63,59,55.67,8.6,84.1,medium,sometimes,no,5.7,yes,D
male,group C,high school,none,75,81,71,75.67,18.8,95.8,medium,often,no,8.9,yes,A
female,group A,some college,none,56,58,64,59.33,14.4,90.4,medium,sometimes,yes,6.5,yes,D
female,group D,some high school,none,48,54,53,51.67,4.4,94.0,low,sometimes,yes,6.2,no,D
female,group E,associate's degree,none,100,100,100,100.0,23.3,100.0,high,always,no,8.5,yes,A
female,group C,some high school,completed,65,76,75,72.0,10.5,84.6,medium,always,no,7.7,yes,B
male,group D,some college,none,72,57,58,62.33,7.4,89.7,low,often,yes,7.8,yes,D
female,group D,some college,none,62,70,72,68.0,10.5,100.0,low,often,no,6.3,yes,C
male,group A,some high school,completed,66,68,64,66.0,14.3,92.8,medium,rarely,yes,7.6,yes,C
male,group C,some college,none,63,63,60,62.0,14.1,84.8,medium,rarely,no,6.3,yes,C
female,group E,associate's degree,none,68,76,67,70.33,14.6,95.4,low,always,yes,7.3,yes,B
female,group B,bachelor's degree,none,75,84,80,79.67,11.3,95.1,medium,always,yes,8.8,no,A
female,group D,bachelor's degree,none,89,100,100,96.33,27.3,93.9,high,always,yes,8.2,yes,A
male,group C,some high school,completed,78,72,69,73.0,11.0,98.7,medium,always,yes,6.6,yes,A
female,group A,high school,completed,53,50,60,54.33,4.7,94.2,high,rarely,no,5.1,no,C
female,group D,some college,none,49,65,61,58.33,14.4,89.2,low,often,yes,6.2,yes,C
female,group A,some college,none,54,63,67,61.33,9.3,93.5,medium,rarely,no,6.3,yes,C
female,group C,some college,completed,64,82,77,74.33,10.4,87.2,high,often,yes,6.2,yes,C
male,group B,some college,completed,60,62,60,60.67,7.6,80.6,low,rarely,yes,6.9,yes,C
male,group C,associate's degree,none,62,65,58,61.67,7.5,99.4,high,sometimes,yes,6.8,yes,C
male,group D,high school,completed,55,41,48,48.0,5.6,93.1,medium,rarely,no,5.2,yes,D
female,group C,associate's degree,none,91,95,94,93.33,19.1,100.0,medium,always,yes,8.4,yes,B
female,group B,high school,none,8,24,23,18.33,6.5,74.9,low,rarely,no,6.2,no,D
male,group D,some high school,none,81,78,78,79.0,11.2,86.6,medium,always,no,7.6,yes,B
male,group B,some high school,completed,79,85,86,83.33,14.1,92.4,medium,sometimes,yes,7.4,yes,A
female,group A,some college,completed,78,87,91,85.33,21.3,100.0,medium,always,yes,7.0,no,A
female,group C,some high school,none,74,75,82,77.0,19.4,100.0,medium,often,yes,7.8,yes,A
male,group A,high school,none,57,51,54,54.0,2.4,87.1,medium,sometimes,yes,6.6,yes,D
female,group C,associate's degree,none,40,59,51,50.0,4.5,84.7,low,rarely,no,5.9,yes,F
male,group E,some high school,completed,81,75,76,77.33,17.1,95.6,medium,always,yes,7.4,yes,C
female,group A,some high school,none,44,45,45,44.67,2.4,94.7,low,sometimes,yes,6.0,no,D
female,group D,some college,completed,67,86,83,78.67,15.4,87.2,low,often,yes,7.2,yes,B
male,group E,high school,completed,86,81,75,80.67,16.5,100.0,medium,sometimes,no,7.5,no,B
female,group B,some high school,completed,65,82,78,75.0,17.7,88.4,high,always,yes,7.7,yes,A
female,group D,associate's degree,none,55,76,76,69.0,10.1,94.7,medium,sometimes,yes,7.3,no,B
female,group D,bachelor's degree,none,62,72,74,69.33,8.8,85.9,medium,often,no,6.6,no,B
male,group A,high school,none,63,63,62,62.67,11.0,82.0,high,sometimes,no,7.7,yes,B
female,group E,master's degree,completed,88,99,95,94.0,32.6,97.6,medium,always,yes,7.1,yes,A
male,group C,high school,none,62,55,55,57.33,9.2,97.0,high,sometimes,yes,6.8,yes,C
female,group C,high school,completed,59,71,65,65.0,14.2,96.8,high,often,yes,6.4,yes,C
female,group D,some college,completed,68,78,77,74.33,14.4,100.0,high,often,no,7.7,yes,B
female,group D,some college,none,77,86,86,83.0,12.7,94.0,medium,often,yes,7.9,no,A
male,group A,master's degree,none,76,69,81,75.33,25.8,87.5,low,sometimes,yes,5.4,yes,F
male,group E,associate's degree,completed,59,64,52,58.33,10.5,87.7,low,rarely,yes,5.2,yes,F
male,group E,high school,none,89,100,91,93.33,24.3,90.9,low,always,no,6.9,yes,B
female,group C,some college,completed,76,88,70,78.0,29.8,92.1,low,often,yes,6.6,yes,D
male,group C,some college,none,92,88,100,93.33,19.3,92.2,low,always,yes,6.4,no,A
female,group E,some college,completed,84,84,63,77.0,5.3,70.9,high,rarely,yes,8.4,yes,C
male,group B,some high school,none,66,45,71,60.67,3.4,88.2,medium,always,no,6.8,yes,C
female,group B,master's degree,none,95,98,86,93.0,6.6,65.1,high,rarely,yes,5.7,yes,B
female,group D,some college,completed,100,92,100,97.33,13.1,69.4,high,often,yes,6.9,yes,A
female,group D,some college,completed,68,71,75,71.33,7.6,98.6,low,often,yes,5.1,no,D
female,group B,some college,completed,93,75,86,84.67,16.4,76.6,low,often,no,7.9,no,C
male,group B,bachelor's degree,none,59,61,58,59.33,21.3,74.8,low,rarely,yes,6.9,yes,B
female,group E,some high school,none,85,100,100,95.0,24.5,86.4,medium,always,no,8.8,yes,A
female,group C,some high school,none,73,49,52,58.0,16.6,83.4,medium,sometimes,no,8.9,yes,C
male,group E,some high school,none,85,75,97,85.67,16.5,83.4,high,sometimes,yes,8.3,no,B
male,group E,some college,none,79,71,65,71.67,21.9,67.9,low,rarely,no,7.0,no,B
male,group B,bachelor's degree,completed,100,92,90,94.0,34.1,86.5,low,always,yes,6.6,yes,B
female,group E,high school,none,83,72,64,73.0,19.5,71.6,high,always,yes,7.5,yes,C
female,group C,associate's degree,none,69,64,75,69.33,6.2,97.3,low,sometimes,yes,8.5,yes,C
male,group E,bachelor's degree,completed,100,100,93,97.67,14.3,87.3,high,sometimes,yes,5.3,yes,A
male,group A,some high school,none,70,42,51,54.33,6.0,88.1,low,sometimes,no,7.6,no,B
male,group E,bachelor's degree,none,100,88,100,96.0,32.4,72.8,low,always,no,6.0,yes,A
male,group D,some college,none,94,100,100,98.0,28.2,67.3,medium,always,yes,7.8,yes,A
female,group C,some high school,completed,41,31,50,40.67,6.2,76.8,low,sometimes,no,6.9,yes,D
male,group C,associate's degree,completed,74,68,78,73.33,16.4,67.8,low,always,yes,8.3,yes,F
male,group A,high school,completed,50,47,51,49.33,11.5,69.4,medium,always,no,7.9,yes,D
male,group B,associate's degree,completed,64,85,72,73.67,4.3,99.8,medium,often,no,6.2,no,D
female,group B,high school,none,61,66,64,63.67,14.0,94.9,low,rarely,yes,6.6,no,A
male,group E,associate's degree,completed,38,45,60,47.67,24.4,71.6,low,rarely,yes,7.3,yes,F
male,group B,associate's degree,completed,62,69,65,65.33,14.4,86.6,high,sometimes,yes,6.0,yes,D
female,group C,high school,none,63,67,69,66.33,7.7,90.4,low,often,no,5.1,yes,C
female,group C,some high school,completed,40,37,61,46.0,12.3,71.8,medium,rarely,yes,7.9,yes,F
female,group B,some college,completed,66,65,55,62.0,13.5,82.1,low,often,no,6.4,yes,D
female,group E,master's degree,completed,100,100,100,100.0,16.9,91.9,high,often,yes,7.4,yes,C
male,group A,master's degree,completed,85,97,94,92.0,22.8,66.1,medium,often,yes,7.8,no,B
female,group E,associate's degree,none,94,98,99,97.0,24.1,68.6,low,rarely,no,7.4,no,A
male,group C,high school,none,81,100,91,90.67,2.4,84.9,low,always,no,6.7,yes,A
male,group B,bachelor's degree,completed,85,100,85,90.0,28.2,63.4,medium,sometimes,no,5.7,yes,A
female,group C,some high school,none,41,34,33,36.0,23.7,74.6,low,sometimes,yes,7.4,no,F
female,group E,master's degree,completed,96,95,84,91.67,21.4,80.8,low,sometimes,yes,8.0,no,A
male,group C,associate's degree,completed,98,100,93,97.0,13.1,99.0,medium,sometimes,yes,8.5,no,A
female,group B,high school,none,89,70,74,77.67,2.6,63.0,medium,often,yes,7.0,yes,A
male,group D,some college,none,57,81,80,72.67,27.5,93.7,low,often,no,7.5,no,F
female,group A,some high school,none,28,28,33,29.67,10.5,88.3,low,often,yes,5.9,yes,F
female,group C,master's degree,none,53,71,64,62.67,15.8,80.3,medium,rarely,no,6.9,yes,C
male,group D,some high school,completed,75,64,81,73.33,11.9,94.7,medium,always,yes,8.0,no,F
female,group A,master's degree,none,77,100,99,92.0,8.8,77.6,high,often,no,5.3,no,D
female,group E,high school,completed,85,96,86,89.0,17.3,89.8,medium,always,yes,7.5,no,D
male,group C,some college,completed,100,94,83,92.33,33.1,79.5,medium,often,no,6.9,no,D
male,group E,associate's degree,completed,85,99,100,94.67,17.4,98.7,high,rarely,no,8.0,no,A
male,group C,high school,completed,48,51,50,49.67,29.4,62.0,low,rarely,yes,8.4,yes,D
male,group D,associate's degree,completed,88,92,98,92.67,19.5,62.1,high,always,no,5.6,no,B
male,group A,some high school,none,54,38,40,44.0,19.1,90.5,low,sometimes,no,6.8,yes,F
male,group A,associate's degree,completed,69,63,64,65.33,16.4,75.9,medium,often,no,8.0,no,F
female,group B,master's degree,none,70,76,58,68.0,21.0,76.9,medium,often,yes,7.1,no,F
female,group B,some college,none,69,85,69,74.33,18.2,99.0,low,often,yes,6.3,no,C
female,group E,some high school,completed,90,86,98,91.33,33.7,88.6,low,sometimes,no,8.2,yes,B
male,group D,associate's degree,none,100,98,91,96.33,33.6,80.0,high,always,no,8.7,yes,B
female,group D,bachelor's degree,completed,90,100,87,92.33,2.1,69.7,high,always,no,7.0,yes,C
female,group D,associate's degree,completed,74,80,62,72.0,16.9,65.3,medium,sometimes,no,5.2,no,D
male,group D,some college,none,43,48,42,44.33,20.9,70.1,high,sometimes,no,5.9,yes,F
male,group D,bachelor's degree,completed,100,86,100,95.33,34.5,72.3,low,always,yes,5.5,no,B
male,group C,associate's degree,none,72,66,61,66.33,33.7,69.9,low,always,no,6.8,no,D
female,group D,some college,completed,77,73,82,77.33,8.8,86.2,medium,rarely,yes,6.7,no,B
male,group A,some high school,completed,61,54,69,61.33,5.9,91.4,low,rarely,yes,7.7,yes,B
female,group A,bachelor's degree,completed,76,95,93,88.0,6.7,85.7,medium,often,no,6.5,yes,F
male,group B,some college,completed,68,71,64,67.67,10.9,92.1,high,rarely,no,9.0,no,D
male,group A,bachelor's degree,completed,63,84,79,75.33,2.5,68.8,low,often,yes,6.1,yes,C
female,group C,some high school,none,49,56,77,60.67,4.8,86.0,low,always,no,7.6,yes,D
female,group D,master's degree,completed,82,73,72,75.67,32.8,88.8,medium,sometimes,no,8.1,no,D
female,group E,some college,none,69,92,93,84.67,28.7,65.4,low,rarely,no,6.9,no,B
female,group E,bachelor's degree,none,68,67,88,74.33,20.3,66.8,medium,rarely,no,6.3,no,B
female,group B,some college,none,74,56,52,60.67,7.1,89.3,medium,often,no,5.0,yes,F
male,group A,high school,none,52,73,72,65.67,23.5,88.5,medium,sometimes,no,7.8,no,D
male,group A,some college,completed,62,70,74,68.67,17.1,93.8,medium,sometimes,no,6.8,no,D
female,group D,master's degree,none,89,98,71,86.0,2.7,77.8,medium,always,no,8.1,no,C
male,group A,master's degree,completed,80,100,90,90.0,20.4,91.5,medium,rarely,yes,7.2,yes,B
female,group C,master's degree,none,93,85,88,88.67,31.0,83.4,low,sometimes,no,7.7,yes,C
male,group C,some high school,completed,80,55,72,69.0,28.5,74.9,medium,rarely,yes,6.6,no,B
female,group A,some high school,none,73,78,80,77.0,15.6,76.2,medium,always,no,7.7,no,B
male,group C,associate's degree,completed,80,81,93,84.67,7.6,95.9,low,always,no,7.6,yes,F
male,group B,high school,none,47,44,43,44.67,31.7,77.9,low,sometimes,yes,6.1,no,F
male,group E,associate's degree,none,55,47,53,51.67,30.4,62.8,medium,often,no,7.7,no,F
male,group E,master's degree,completed,98,100,100,99.33,27.4,95.4,low,sometimes,no,5.9,yes,B
male,group B,bachelor's degree,completed,48,63,58,56.33,18.9,86.8,low,rarely,no,8.4,no,F
female,group C,some high school,completed,91,84,92,89.0,19.9,81.2,medium,often,no,6.4,yes,B
female,group E,master's degree,completed,87,74,86,82.33,30.4,66.2,medium,rarely,yes,6.8,yes,C
male,group A,some high school,completed,72,76,98,82.0,31.0,76.7,medium,often,no,8.6,yes,D
female,group D,some college,none,77,52,62,63.67,33.6,63.9,medium,rarely,yes,5.1,no,C
female,group A,some high school,completed,88,71,83,80.67,30.0,60.8,high,rarely,no,7.4,yes,B
female,group E,master's degree,none,85,100,100,95.0,24.2,68.9,medium,sometimes,no,5.1,no,A
female,group C,associate's degree,none,64,60,60,61.33,17.1,84.3,medium,rarely,yes,7.4,no,D
female,group C,master's degree,none,82,67,66,71.67,19.7,78.0,high,rarely,no,6.8,yes,C
female,group C,some high school,none,71,74,64,69.67,15.6,69.1,high,rarely,no,7.3,no,A
male,group E,some college,none,76,90,92,86.0,7.1,95.2,high,always,yes,6.7,yes,C
male,group C,associate's degree,none,71,75,50,65.33,20.4,88.3,low,rarely,yes,5.7,yes,C
male,group E,associate's degree,completed,60,77,72,69.67,18.4,68.6,low,rarely,no,5.2,yes,B
female,group C,bachelor's degree,none,64,56,63,61.0,6.7,60.4,medium,always,no,8.2,yes,D
male,group D,high school,completed,44,51,39,44.67,12.4,63.5,low,often,no,5.9,no,F
female,group A,some college,none,81,78,81,80.0,2.4,80.8,high,always,yes,7.4,no,F
female,group C,some college,none,63,71,78,70.67,32.6,93.1,medium,often,yes,6.3,yes,F
female,group B,associate's degree,completed,93,100,97,96.67,18.6,62.7,medium,always,no,7.9,no,B
female,group A,high school,none,100,99,94,97.67,31.3,93.8,low,always,yes,7.1,no,A
male,group D,master's degree,completed,95,85,79,86.33,26.9,68.8,low,always,no,6.6,no,F
female,group A,some college,none,83,89,87,86.33,13.7,71.4,medium,always,yes,5.7,yes,B
female,group B,master's degree,completed,92,92,86,90.0,34.4,75.6,medium,rarely,yes,5.3,no,B
female,group A,some high school,none,38,36,37,37.0,16.3,62.2,low,often,no,7.1,no,D
male,group B,bachelor's degree,none,80,100,100,93.33,5.3,84.4,high,sometimes,yes,5.8,yes,A
female,group E,master's degree,completed,64,84,80,76.0,9.6,73.1,medium,sometimes,yes,5.8,no,C
female,group C,master's degree,completed,84,92,85,87.0,31.7,66.6,medium,often,yes,8.2,yes,D
female,group E,some college,none,100,76,100,92.0,10.4,70.5,high,often,no,7.2,no,B
female,group D,some high school,completed,94,77,88,86.33,9.6,90.9,medium,often,no,6.4,no,A
female,group C,some high school,completed,70,87,94,83.67,20.7,78.9,high,always,no,7.0,yes,F
female,group B,master's degree,completed,97,89,100,95.33,3.9,65.6,high,often,yes,7.9,yes,A
female,group D,some high school,none,58,73,64,65.0,6.2,79.1,high,sometimes,yes,8.1,no,C
female,group B,high school,completed,76,79,85,80.0,29.8,76.6,high,often,no,8.1,yes,C
female,group C,master's degree,none,100,95,100,98.33,29.9,73.9,low,always,yes,7.6,yes,B
female,group E,some college,completed,37,61,43,47.0,13.3,63.4,medium,rarely,no,9.0,yes,D
female,group C,bachelor's degree,none,77,79,88,81.33,23.5,73.2,high,often,yes,6.6,yes,D
male,group E,bachelor's degree,none,94,100,78,90.67,18.9,97.7,high,sometimes,yes,5.2,no,C
female,group A,high school,completed,85,100,100,95.0,20.9,94.1,low,often,no,6.0,yes,A
male,group E,high school,none,75,62,82,73.0,23.7,77.6,medium,often,no,5.2,yes,D
male,group D,bachelor's degree,none,51,52,49,50.67,17.9,65.0,medium,rarely,no,5.9,yes,D
female,group B,some college,completed,95,87,91,91.0,29.0,94.4,high,often,no,7.5,yes,D
female,group B,some high school,none,54,34,62,50.0,23.4,74.0,low,sometimes,yes,8.7,yes,C
male,group B,bachelor's degree,completed,55,66,61,60.67,5.7,63.8,low,sometimes,yes,6.3,yes,C
male,group E,some high school,none,70,69,57,65.33,3.1,72.8,low,sometimes,no,8.2,yes,A
male,group B,some high school,none,62,48,52,54.0,5.3,70.9,low,often,yes,8.3,yes,C
male,group B,master's degree,none,78,94,90,87.33,12.6,83.1,high,rarely,yes,5.3,no,D
female,group E,bachelor's degree,completed,88,86,99,91.0,26.9,84.3,medium,sometimes,yes,7.5,no,D
male,group A,associate's degree,none,72,84,85,80.33,26.2,91.1,medium,rarely,no,8.5,no,A
male,group C,bachelor's degree,completed,63,80,86,76.33,29.4,77.8,low,sometimes,no,7.3,no,D
female,group D,bachelor's degree,none,34,60,42,45.33,7.2,83.8,low,rarely,yes,7.4,no,D
male,group D,some college,none,72,56,80,69.33,9.5,66.9,medium,always,yes,7.7,no,D
female,group C,some college,completed,100,100,94,98.0,14.8,72.5,high,always,yes,6.8,yes,A
male,group D,some high school,none,50,41,58,49.67,30.5,91.3,low,rarely,no,8.7,yes,D
female,group D,master's degree,completed,72,78,71,73.67,2.2,82.6,medium,often,no,6.4,yes,F
male,group B,master's degree,none,71,88,91,83.33,30.2,70.6,low,rarely,no,7.1,no,A
female,group E,high school,none,63,78,68,69.67,21.5,89.5,high,rarely,no,7.3,yes,B
female,group C,some college,none,75,72,63,70.0,4.6,77.2,low,sometimes,yes,7.2,no,A
male,group A,some high school,completed,83,100,94,92.33,26.9,85.9,medium,always,no,7.5,no,B
female,group C,master's degree,none,90,94,98,94.0,33.1,92.7,high,rarely,yes,7.4,yes,B
male,group A,some college,none,80,100,100,93.33,11.8,80.6,high,always,no,5.7,no,D
female,group B,bachelor's degree,completed,83,81,90,84.67,19.3,89.0,medium,always,yes,6.7,no,F
female,group E,master's degree,none,74,73,79,75.33,18.4,83.2,low,sometimes,no,6.1,yes,A
male,group C,high school,completed,79,67,85,77.0,4.5,64.2,medium,often,no,8.3,yes,A
female,group D,high school,completed,62,49,75,62.0,18.0,72.2,medium,sometimes,no,7.1,yes,D
male,group D,some high school,none,59,48,56,54.33,16.0,73.9,low,often,no,7.8,no,D
female,group A,associate's degree,completed,76,81,100,85.67,5.5,93.8,medium,sometimes,no,7.9,no,A
female,group A,high school,none,83,95,82,86.67,10.5,78.2,high,always,yes,5.1,no,C
female,group B,some college,completed,74,85,82,80.33,29.0,81.9,low,rarely,yes,5.2,no,C
male,group B,some high school,completed,94,91,80,88.33,9.5,68.8,medium,sometimes,yes,5.8,yes,A
male,group D,associate's degree,none,68,71,94,77.67,18.6,78.6,high,often,no,6.0,yes,D
male,group D,associate's degree,none,76,77,76,76.33,26.8,76.9,medium,rarely,no,7.1,yes,C
female,group D,some high school,completed,56,69,56,60.33,25.8,68.2,medium,often,yes,6.4,yes,F
female,group D,bachelor's degree,completed,58,53,42,51.0,6.6,76.0,medium,sometimes,no,8.9,no,F
male,group A,associate's degree,completed,87,81,100,89.33,18.1,88.1,medium,rarely,yes,7.1,yes,B
female,group D,bachelor's degree,completed,85,68,72,75.0,14.5,83.1,medium,often,no,8.2,no,D
female,group E,some high school,none,78,66,66,70.0,6.8,92.4,low,often,yes,5.9,no,C
female,group E,high school,none,66,65,62,64.33,17.2,73.0,low,sometimes,no,6.9,no,D
male,group E,master's degree,completed,96,100,97,97.67,31.3,78.7,medium,always,no,7.6,yes,F
male,group D,bachelor's degree,none,93,87,79,86.33,21.8,88.4,low,often,no,8.8,yes,B
female,group D,high school,completed,85,89,83,85.67,27.6,82.1,low,sometimes,yes,7.6,no,A
male,group C,bachelor's degree,completed,97,95,97,96.33,8.5,98.5,high,always,yes,7.0,yes,B
male,group D,some high school,none,40,51,41,44.0,15.5,81.8,medium,sometimes,no,7.2,no,D
male,group E,high school,none,56,72,63,63.67,6.2,97.3,medium,sometimes,no,7.4,no,D
female,group D,bachelor's degree,none,100,85,88,91.0,27.4,74.7,low,sometimes,yes,8.8,no,A
female,group C,bachelor's degree,completed,67,73,71,70.33,11.4,70.8,high,rarely,no,8.4,yes,B
female,group D,bachelor's degree,completed,65,65,56,62.0,9.7,91.9,medium,rarely,yes,7.3,no,C
male,group D,some high school,none,85,100,100,95.0,24.3,88.1,high,often,yes,7.9,no,A
female,group B,some high school,none,96,74,93,87.67,31.8,60.6,low,often,yes,8.7,yes,A
female,group D,master's degree,completed,98,100,99,99.0,33.7,87.1,high,always,no,7.3,yes,A
male,group C,high school,completed,100,100,100,100.0,32.8,63.0,high,always,yes,7.0,no,B
female,group A,some high school,completed,61,68,79,69.33,33.1,62.6,medium,always,yes,6.6,yes,D
male,group E,bachelor's degree,completed,100,92,100,97.33,29.9,65.1,high,sometimes,no,5.4,no,A
female,group B,bachelor's degree,none,62,54,44,53.33,32.6,76.1,low,rarely,no,8.6,yes,F
male,group D,associate's degree,completed,85,88,99,90.67,32.6,78.2,high,always,no,7.9,no,A
female,group A,some college,completed,100,99,100,99.67,24.8,73.4,high,rarely,no,7.8,yes,A
female,group E,some college,completed,86,100,92,92.67,18.1,78.0,high,always,no,5.8,yes,B
male,group D,some high school,none,35,53,34,40.67,12.0,90.8,low,rarely,yes,6.3,yes,C
female,group E,associate's degree,none,79,56,63,66.0,17.0,80.3,medium,rarely,yes,7.7,no,C
male,group C,some college,completed,71,76,67,71.33,11.2,65.8,medium,always,no,6.2,no,D
female,group B,associate's degree,none,84,86,96,88.67,25.7,73.4,medium,often,yes,6.2,no,A
female,group E,high school,none,86,82,88,85.33,33.1,88.9,medium,rarely,yes,5.4,no,C
female,group D,bachelor's degree,none,95,96,100,97.0,15.3,68.9,low,always,no,7.0,no,A
female,group E,associate's degree,none,87,92,99,92.67,31.8,95.0,high,rarely,yes,8.2,no,C
male,group A,high school,none,52,67,50,56.33,29.9,80.2,low,sometimes,yes,8.0,yes,C
female,group D,bachelor's degree,completed,88,93,80,87.0,13.6,70.6,high,sometimes,no,6.4,no,C
female,group A,bachelor's degree,completed,91,100,100,97.0,28.6,74.8,high,often,no,7.6,no,C
male,group A,some high school,completed,72,76,90,79.33,16.1,67.3,medium,always,yes,8.8,no,C
female,group B,bachelor's degree,none,96,91,100,95.67,25.0,90.6,high,always,yes,6.8,yes,B
male,group D,high school,none,65,74,71,70.0,34.2,72.4,low,often,no,6.8,yes,F
female,group C,high school,completed,92,98,75,88.33,3.9,99.9,medium,sometimes,yes,8.0,yes,B
male,group D,some high school,none,66,67,47,60.0,13.5,95.1,high,often,no,5.8,yes,F
male,group A,some college,none,92,85,88,88.33,30.2,87.5,high,always,no,7.1,no,F
male,group B,some college,completed,85,91,74,83.33,18.7,81.3,medium,always,no,8.2,yes,F
male,group B,associate's degree,completed,81,72,86,79.67,3.7,94.9,low,sometimes,no,5.3,yes,B
female,group B,some college,none,69,74,84,75.67,11.8,60.5,low,often,yes,6.2,no,B
female,group E,bachelor's degree,completed,97,99,76,90.67,32.1,70.6,high,sometimes,yes,6.8,yes,F
female,group E,some high school,completed,35,36,22,31.0,26.0,75.1,low,rarely,no,5.0,yes,F
female,group E,master's degree,completed,89,96,91,92.0,24.7,71.8,medium,often,no,7.2,no,B
female,group C,associate's degree,completed,72,75,55,67.33,19.6,68.0,high,rarely,yes,7.0,no,D
female,group D,high school,none,65,65,77,69.0,17.4,62.8,high,sometimes,no,7.4,no,C
female,group B,some college,completed,98,83,100,93.67,20.1,83.3,medium,sometimes,no,6.6,yes,C
female,group B,high school,completed,87,75,75,79.0,16.3,93.1,low,often,no,8.3,no,B
male,group C,bachelor's degree,none,58,42,40,46.67,11.8,89.0,low,sometimes,no,5.9,no,D
female,group D,some high school,completed,65,57,45,55.67,9.8,75.2,medium,always,yes,6.9,yes,F
female,group A,some high school,none,68,88,70,75.33,12.5,77.9,medium,always,no,7.5,yes,A
female,group B,some college,none,98,79,100,92.33,14.5,94.9,medium,often,yes,7.7,no,A
male,group C,bachelor's degree,none,93,81,77,83.67,18.1,92.5,low,always,no,8.8,no,F
male,group B,some high school,none,85,82,87,84.67,17.3,87.6,medium,often,no,8.5,yes,B
female,group E,some high school,completed,39,48,54,47.0,31.0,71.2,low,sometimes,no,5.4,no,F
female,group B,bachelor's degree,completed,67,75,79,73.67,31.7,85.0,medium,often,yes,5.0,no,F
female,group E,some college,none,80,81,79,80.0,3.4,73.9,high,often,no,5.7,yes,C
female,group A,associate's degree,none,74,85,68,75.67,33.5,68.6,high,rarely,no,7.1,no,F
male,group A,bachelor's degree,none,78,89,89,85.33,17.3,63.5,low,always,yes,7.4,yes,A
male,group B,some high school,none,69,76,71,72.0,4.5,87.9,medium,always,yes,7.5,no,B
female,group E,bachelor's degree,none,75,57,69,67.0,15.1,72.9,high,rarely,yes,7.4,yes,F
female,group D,bachelor's degree,none,59,84,67,70.0,31.4,63.8,medium,sometimes,no,9.0,no,F
female,group C,bachelor's degree,none,95,73,89,85.67,29.9,76.7,low,sometimes,no,6.8,no,B
female,group C,master's degree,completed,95,88,89,90.67,8.2,73.8,high,always,no,6.4,no,C
female,group C,some high school,none,80,74,71,75.0,3.1,78.8,medium,often,yes,8.8,no,A
female,group A,some college,none,100,100,100,100.0,23.3,93.1,high,often,no,5.4,yes,B
female,group E,master's degree,none,71,79,87,79.0,4.4,87.6,low,rarely,yes,7.1,yes,A
male,group B,some high school,completed,68,67,77,70.67,18.4,93.0,medium,often,no,6.6,yes,B
male,group E,high school,none,71,72,81,74.67,13.1,88.7,high,always,no,8.0,yes,C
female,group C,master's degree,completed,58,65,64,62.33,6.8,65.4,low,sometimes,yes,8.8,yes,D
male,group A,associate's degree,none,83,79,82,81.33,28.1,80.4,low,often,yes,5.5,yes,C
male,group C,some college,none,75,97,79,83.67,18.4,73.7,high,always,yes,6.0,no,C
male,group A,some college,completed,99,91,100,96.67,3.4,86.1,high,always,no,8.1,yes,A
female,group C,bachelor's degree,completed,100,100,100,100.0,25.1,69.9,low,always,no,8.6,no,A
female,group A,high school,completed,79,88,99,88.67,33.0,88.9,medium,often,yes,5.8,yes,C
female,group B,associate's degree,none,70,80,73,74.33,14.8,73.2,medium,often,yes,7.4,no,C
male,group A,master's degree,completed,64,87,59,70.0,24.9,64.2,medium,often,yes,7.7,no,F
female,group A,master's degree,none,58,52,59,56.33,16.4,60.9,medium,sometimes,yes,6.9,yes,D
male,group D,master's degree,none,76,79,75,76.67,24.2,91.3,medium,always,yes,7.1,yes,F
male,group E,associate's degree,none,54,31,44,43.0,10.2,69.0,low,rarely,yes,7.1,yes,F
male,group B,some college,none,39,47,60,48.67,29.0,82.4,low,sometimes,no,6.0,yes,F
female,group A,associate's degree,completed,80,88,78,82.0,3.6,68.8,high,always,no,7.8,yes,F
female,group C,master's degree,completed,68,81,75,74.67,7.3,75.9,medium,often,yes,7.3,yes,F
male,group A,associate's degree,none,71,68,63,67.33,18.8,61.0,high,rarely,yes,6.3,yes,D
male,group C,associate's degree,completed,83,81,95,86.33,11.8,75.3,low,always,no,8.3,no,D
female,group D,some high school,completed,77,85,84,82.0,16.1,82.1,high,often,yes,5.9,yes,F
female,group E,high school,completed,33,28,41,34.0,9.1,88.6,low,rarely,no,8.2,no,F
female,group E,associate's degree,completed,86,85,93,88.0,13.6,82.2,low,always,no,5.8,yes,C
male,group A,some high school,none,77,78,69,74.67,18.5,68.6,high,rarely,yes,6.1,yes,A
male,group E,some high school,none,84,65,65,71.33,25.6,89.4,high,rarely,yes,5.6,yes,D
female,group B,bachelor's degree,completed,59,58,54,57.0,6.1,65.5,low,sometimes,no,8.0,yes,F
female,group E,bachelor's degree,none,56,56,81,64.33,24.7,60.7,low,often,yes,6.2,yes,D
female,group C,some high school,completed,92,84,100,92.0,24.6,70.6,high,always,no,7.8,yes,C
female,group E,some college,none,67,69,68,68.0,13.4,64.3,medium,sometimes,no,7.0,no,B
female,group B,high school,none,64,88,88,80.0,34.7,67.9,high,sometimes,no,7.3,yes,F
female,group D,bachelor's degree,completed,100,82,100,94.0,31.2,68.6,medium,sometimes,no,7.5,yes,C
male,group D,some college,completed,78,80,94,84.0,13.2,67.0,high,sometimes,yes,6.7,no,D
male,group A,high school,completed,92,99,87,92.67,15.2,84.6,medium,sometimes,no,6.5,no,A
male,group B,master's degree,completed,85,92,100,92.33,27.4,63.6,high,always,yes,5.8,yes,D
male,group E,some college,none,85,77,70,77.33,2.5,70.6,medium,always,no,7.1,no,C
female,group E,associate's degree,none,90,87,94,90.33,32.7,91.4,low,always,no,5.8,yes,C
female,group D,some high school,completed,59,80,63,67.33,26.4,85.0,high,sometimes,yes,8.9,no,F
female,group C,high school,completed,77,75,74,75.33,27.7,98.3,medium,sometimes,no,7.8,yes,D
female,group C,associate's degree,none,80,89,80,83.0,23.0,90.1,medium,sometimes,no,7.7,yes,B
female,group B,bachelor's degree,completed,100,89,100,96.33,19.7,90.8,high,rarely,yes,7.6,yes,A
female,group B,master's degree,completed,55,57,58,56.67,5.9,60.6,low,sometimes,yes,8.6,yes,F
female,group C,some high school,none,64,78,63,68.33,34.7,71.8,high,always,yes,7.8,yes,F
female,group A,some high school,none,84,100,100,94.67,21.5,80.2,high,often,yes,7.6,no,B
male,group A,bachelor's degree,completed,59,80,70,69.67,17.9,63.1,low,sometimes,no,7.2,no,C
female,group A,some college,none,86,79,100,88.33,32.8,92.2,medium,sometimes,yes,7.8,no,A
male,group A,associate's degree,none,71,83,67,73.67,7.8,71.4,medium,always,yes,7.1,yes,B
male,group D,associate's degree,none,74,78,72,74.67,3.9,74.9,high,rarely,yes,7.9,yes,B
female,group C,some high school,completed,100,87,90,92.33,32.9,62.2,high,often,yes,7.7,yes,C
male,group B,bachelor's degree,completed,100,88,100,96.0,25.7,63.4,high,always,yes,8.2,no,B
male,group E,associate's degree,none,82,75,87,81.33,24.4,93.2,medium,sometimes,yes,5.2,no,A
male,group D,high school,completed,73,69,78,73.33,32.3,75.7,medium,always,no,8.4,yes,C
female,group D,high school,none,88,63,66,72.33,32.0,63.9,high,always,no,7.4,yes,F
female,group A,bachelor's degree,none,74,75,72,73.67,3.0,77.4,low,rarely,yes,6.1,no,B
female,group B,master's degree,none,100,100,88,96.0,5.0,77.8,medium,often,yes,9.0,yes,A
female,group D,some college,none,37,43,49,43.0,9.5,60.1,low,sometimes,yes,6.2,yes,D
female,group E,bachelor's degree,none,56,45,44,48.33,26.7,97.5,low,rarely,yes,5.2,no,F
male,group E,bachelor's degree,none,55,60,52,55.67,12.9,70.8,medium,rarely,no,7.0,no,D
male,group E,high school,completed,100,97,84,93.67,10.3,66.6,high,always,yes,6.4,yes,C
female,group C,associate's degree,completed,71,73,77,73.67,21.4,82.8,low,sometimes,no,6.9,no,D
female,group D,some high school,none,54,53,27,44.67,5.6,90.0,medium,sometimes,no,5.5,yes,D
male,group B,some college,completed,93,84,75,84.0,16.6,67.4,medium,often,no,6.9,no,D
female,group D,master's degree,completed,100,94,93,95.67,21.9,72.5,medium,often,yes,8.6,no,C
male,group D,some college,none,76,87,66,76.33,3.1,92.6,high,always,yes,6.8,no,D
female,group D,some college,completed,82,87,85,84.67,30.3,95.9,high,sometimes,yes,8.8,yes,D
male,group D,some college,completed,85,100,100,95.0,7.8,84.3,medium,always,yes,6.9,no,B
female,group B,master's degree,none,72,77,62,70.33,27.1,95.4,medium,rarely,no,7.9,no,F
female,group E,bachelor's degree,none,68,64,90,74.0,2.2,69.6,high,rarely,no,5.4,yes,A
male,group C,high school,completed,100,100,100,100.0,2.3,89.4,high,always,no,5.6,no,A
male,group A,some college,completed,90,81,97,89.33,2.2,99.4,high,sometimes,no,8.5,no,D
female,group E,master's degree,completed,76,78,88,80.67,11.6,82.5,medium,rarely,no,5.4,yes,C
female,group A,some high school,completed,89,96,90,91.67,27.2,84.8,medium,often,no,5.9,no,B
female,group C,associate's degree,completed,98,97,100,98.33,17.2,96.2,medium,always,no,6.6,yes,C
male,group A,some high school,none,42,31,29,34.0,19.4,72.7,high,rarely,yes,6.0,yes,F
male,group E,high school,none,98,99,95,97.33,23.6,87.2,high,always,no,8.0,yes,D
male,group B,master's degree,none,45,52,41,46.0,23.0,72.1,medium,rarely,yes,8.9,no,F
female,group D,some high school,completed,70,56,73,66.33,34.3,83.5,low,often,yes,7.2,yes,F
male,group C,some college,completed,48,46,52,48.67,25.6,76.7,medium,rarely,no,8.0,no,F
female,group E,associate's degree,none,89,74,72,78.33,30.0,93.1,high,rarely,no,6.5,no,D
male,group C,bachelor's degree,completed,100,91,92,94.33,34.1,84.7,high,sometimes,no,8.9,yes,B
female,group A,high school,none,40,60,53,51.0,18.9,72.8,high,sometimes,no,5.7,no,F
male,group E,associate's degree,none,50,70,48,56.0,5.1,66.9,low,always,yes,5.4,yes,D
female,group B,high school,none,54,44,55,51.0,10.2,95.6,medium,rarely,no,7.9,yes,D
male,group B,associate's degree,none,80,75,63,72.67,21.8,87.3,medium,always,no,9.0,no,D
male,group A,bachelor's degree,completed,83,67,81,77.0,2.5,64.8,low,often,yes,7.6,no,B
female,group B,associate's degree,none,83,75,85,81.0,32.5,75.9,high,rarely,yes,7.5,no,F
female,group E,some high school,none,64,86,75,75.0,14.9,95.5,high,sometimes,no,6.0,yes,B
female,group A,associate's degree,none,75,77,73,75.0,9.6,69.3,medium,rarely,no,8.6,yes,B
male,group E,master's degree,none,95,99,98,97.33,14.9,96.6,high,always,yes,5.5,yes,B
male,group A,bachelor's degree,none,74,71,92,79.0,19.1,65.6,high,often,yes,7.1,no,C
female,group E,some college,completed,97,95,95,95.67,16.1,85.1,low,always,yes,7.9,no,B
male,group B,high school,none,59,58,72,63.0,23.1,79.8,low,always,no,8.4,yes,F
female,group D,associate's degree,none,60,53,55,56.0,11.9,60.7,low,rarely,no,8.6,no,C
female,group D,some college,completed,77,77,72,75.33,8.6,69.4,high,rarely,no,7.1,no,A
female,group B,associate's degree,completed,81,92,72,81.67,8.8,91.5,medium,often,no,5.7,no,C
male,group E,associate's degree,none,72,63,70,68.33,5.9,82.8,high,rarely,yes,8.6,yes,D
male,group A,high school,none,65,58,74,65.67,5.0,87.2,medium,rarely,no,7.9,yes,B
female,group B,some college,completed,100,94,100,98.0,25.3,91.6,high,often,no,5.8,yes,C
male,group A,associate's degree,none,94,100,93,95.67,17.6,92.0,high,sometimes,no,7.3,yes,A
male,group B,associate's degree,completed,77,98,74,83.0,20.0,68.6,low,sometimes,no,6.9,yes,A
female,group A,associate's degree,completed,92,86,97,91.67,28.0,99.4,medium,rarely,yes,5.1,no,A
male,group A,some college,none,91,68,86,81.67,32.9,60.5,medium,sometimes,no,7.4,yes,B
male,group E,bachelor's degree,completed,86,99,96,93.67,24.4,86.8,high,sometimes,no,8.8,no,B
male,group D,bachelor's degree,none,89,62,87,79.33,12.2,78.1,low,rarely,yes,6.5,yes,A
female,group C,associate's degree,none,72,71,70,71.0,17.8,84.9,low,sometimes,no,8.3,yes,B
female,group A,master's degree,none,91,81,97,89.67,32.5,93.2,low,sometimes,no,5.4,no,A
male,group D,associate's degree,completed,84,78,93,85.0,6.7,80.9,low,always,yes,5.0,yes,C
female,group B,associate's degree,none,100,100,88,96.0,30.8,74.4,medium,sometimes,no,5.2,yes,A
male,group A,some college,completed,60,80,62,67.33,34.9,70.3,low,rarely,no,7.9,no,F
female,group D,master's degree,none,77,72,70,73.0,34.2,71.3,low,sometimes,no,8.8,yes,C
male,group E,high school,completed,83,100,76,86.33,9.4,88.2,high,often,no,5.8,yes,C
female,group B,some high school,completed,47,58,53,52.67,8.6,69.7,low,always,yes,6.7,no,F
male,group C,master's degree,completed,82,66,71,73.0,21.1,63.6,low,rarely,yes,7.8,yes,B
female,group C,bachelor's degree,none,86,100,100,95.33,13.6,94.4,low,often,yes,5.5,no,A
male,group C,associate's degree,none,68,71,74,71.0,16.3,79.5,high,rarely,no,8.7,yes,D
female,group E,some college,completed,75,63,55,64.33,5.5,92.8,medium,sometimes,no,6.7,yes,C
male,group E,master's degree,completed,100,85,96,93.67,22.9,95.2,low,rarely,yes,8.6,yes,B
male,group D,some college,none,76,92,80,82.67,29.0,74.7,low,sometimes,yes,7.4,no,B
female,group B,associate's degree,none,52,61,60,57.67,17.3,99.9,medium,rarely,no,7.0,yes,F
male,group B,high school,completed,96,75,73,81.33,28.0,88.3,medium,rarely,no,6.0,no,C
female,group A,bachelor's degree,none,86,89,86,87.0,34.2,94.7,low,often,yes,8.6,no,F
female,group E,high school,none,84,84,74,80.67,3.7,89.8,medium,always,yes,7.0,yes,B
male,group D,some high school,completed,89,93,100,94.0,11.2,66.4,high,often,yes,5.8,no,A
female,group C,some high school,completed,89,90,100,93.0,22.1,66.2,high,sometimes,no,8.2,no,A
male,group C,some high school,completed,100,89,97,95.33,29.2,87.9,low,always,no,5.3,no,A
male,group E,high school,none,65,80,58,67.67,21.8,73.1,low,rarely,no,8.1,yes,B
female,group C,some college,none,92,100,89,93.67,29.6,66.1,high,often,no,5.3,no,C
male,group A,high school,completed,85,87,90,87.33,11.5,80.0,high,rarely,yes,6.8,yes,B
female,group D,some college,none,82,76,92,83.33,34.1,70.7,low,often,yes,7.9,no,C
female,group C,some high school,completed,99,89,82,90.0,26.1,98.1,low,often,yes,8.3,yes,C
male,group A,master's degree,completed,91,100,100,97.0,14.2,60.8,medium,always,yes,7.1,no,C
male,group A,associate's degree,none,95,87,89,90.33,7.3,74.8,high,sometimes,yes,6.7,no,A
male,group A,some high school,completed,76,72,65,71.0,30.1,92.2,low,sometimes,yes,5.5,no,C
male,group E,bachelor's degree,none,67,51,46,54.67,18.1,74.2,low,rarely,yes,6.0,yes,D
male,group A,some college,completed,69,66,59,64.67,30.0,60.4,low,always,yes,8.7,yes,F
female,group D,associate's degree,completed,86,88,79,84.33,9.8,65.5,medium,always,yes,7.4,no,B
male,group C,some college,none,37,51,40,42.67,3.2,61.5,low,rarely,yes,5.1,no,D
female,group E,associate's degree,completed,59,72,65,65.33,16.9,80.5,low,often,no,7.9,yes,D
male,group E,high school,completed,86,92,91,89.67,16.6,85.9,medium,often,no,7.0,no,C
female,group D,some college,completed,80,91,86,85.67,19.6,87.2,low,often,yes,8.5,yes,C
male,group D,bachelor's degree,none,100,100,82,94.0,4.3,95.7,high,sometimes,yes,5.1,yes,B
male,group C,bachelor's degree,completed,94,91,80,88.33,21.7,77.1,low,always,no,6.3,yes,B
male,group E,some college,none,71,87,85,81.0,22.2,89.5,high,rarely,no,8.1,yes,F
male,group D,bachelor's degree,none,90,91,96,92.33,11.8,66.4,low,always,yes,6.7,yes,A
male,group E,high school,completed,87,61,86,78.0,18.8,64.2,high,always,yes,8.4,no,F
male,group B,some college,completed,62,49,64,58.33,5.0,69.2,medium,rarely,yes,5.2,yes,F
male,group A,bachelor's degree,none,73,90,90,84.33,21.5,85.2,low,often,no,8.4,yes,C
female,group C,high school,completed,97,100,99,98.67,34.2,96.1,high,always,no,5.5,no,B
female,group B,master's degree,completed,100,100,85,95.0,20.3,81.2,medium,often,no,6.3,yes,B
male,group E,associate's degree,completed,88,83,79,83.33,27.6,85.0,low,often,yes,6.6,yes,D
male,group C,master's degree,completed,86,100,100,95.33,22.1,63.6,low,often,no,6.9,yes,A
female,group D,some high school,none,65,68,58,63.67,15.3,68.3,low,sometimes,yes,7.6,no,C
male,group A,some high school,none,63,76,74,71.0,26.8,65.6,medium,always,yes,6.4,no,D
female,group C,bachelor's degree,none,63,72,74,69.67,6.4,66.9,low,always,yes,6.4,yes,D
male,group A,some college,completed,89,90,95,91.33,23.6,93.5,medium,often,yes,7.1,yes,C
male,group D,high school,completed,94,100,100,98.0,9.3,74.7,high,rarely,no,6.5,no,A
female,group B,bachelor's degree,none,83,61,57,67.0,10.8,82.9,low,rarely,yes,8.6,no,B
male,group D,master's degree,none,100,100,100,100.0,31.4,93.9,high,often,no,9.0,yes,A
male,group D,bachelor's degree,none,57,54,58,56.33,20.8,75.3,low,rarely,no,8.7,yes,D
male,group C,master's degree,none,71,58,54,61.0,17.5,61.9,low,rarely,yes,8.5,yes,B
female,group A,associate's degree,completed,91,91,90,90.67,10.1,88.2,medium,always,no,5.4,no,C
male,group E,associate's degree,completed,73,76,81,76.67,2.5,90.9,medium,always,no,8.5,yes,D
male,group C,associate's degree,none,78,83,72,77.67,33.5,69.9,medium,sometimes,no,7.9,yes,B
male,group A,master's degree,none,100,78,98,92.0,28.4,69.7,high,always,yes,7.9,yes,D
female,group E,master's degree,none,96,90,98,94.67,28.7,98.7,high,sometimes,no,6.9,no,A
female,group A,bachelor's degree,completed,100,100,100,100.0,7.5,99.3,low,always,yes,5.4,yes,B
male,group B,some high school,none,64,70,42,58.67,5.8,82.2,low,always,yes,6.1,yes,F
female,group C,master's degree,completed,86,73,81,80.0,11.4,67.8,low,always,no,5.0,no,C
female,group A,master's degree,none,77,69,83,76.33,31.3,87.8,low,always,yes,6.6,yes,F
male,group A,bachelor's degree,completed,84,79,96,86.33,14.0,94.1,medium,often,no,8.0,no,D
female,group E,bachelor's degree,none,76,60,69,68.33,18.1,69.0,low,sometimes,no,5.8,no,B
female,group A,associate's degree,none,88,75,88,83.67,16.9,83.2,high,sometimes,yes,8.5,no,C
female,group A,some college,none,87,73,90,83.33,22.0,82.3,medium,often,no,7.6,yes,B
male,group C,master's degree,none,98,84,100,94.0,13.2,88.4,medium,often,no,5.2,yes,B
female,group B,associate's degree,none,100,99,100,99.67,22.8,83.5,high,often,yes,6.4,yes,A
female,group E,associate's degree,completed,72,86,87,81.67,16.3,68.1,high,rarely,yes,5.9,yes,B
male,group B,some high school,none,78,79,60,72.33,8.7,98.4,low,often,yes,7.0,no,C
female,group E,associate's degree,completed,71,58,72,67.0,9.3,60.4,high,rarely,yes,7.9,no,D
female,group B,associate's degree,none,55,67,47,56.33,6.3,66.9,medium,sometimes,no,6.4,yes,C
male,group D,some high school,completed,100,85,91,92.0,13.6,93.5,high,sometimes,yes,5.3,yes,B
female,group D,bachelor's degree,completed,100,88,100,96.0,14.3,91.1,high,rarely,no,7.4,yes,B
male,group B,some college,none,88,95,97,93.33,25.3,83.1,high,often,no,8.6,no,C
female,group C,high school,none,65,51,78,64.67,3.8,98.2,medium,always,yes,5.5,yes,F
female,group E,master's degree,none,69,65,73,69.0,30.1,81.0,medium,rarely,no,5.9,yes,C
female,group C,some college,none,85,97,85,89.0,33.9,83.0,high,often,yes,8.6,yes,F
male,group A,bachelor's degree,none,99,100,100,99.67,30.7,71.7,high,often,yes,5.5,yes,D
female,group C,associate's degree,none,78,63,71,70.67,3.8,80.0,medium,rarely,yes,6.5,no,B
female,group C,bachelor's degree,none,77,59,52,62.67,25.4,65.4,low,sometimes,no,8.3,yes,D
male,group C,master's degree,completed,97,91,86,91.33,18.7,63.4,high,often,yes,8.9,yes,C
male,group C,associate's degree,none,97,79,83,86.33,4.2,84.9,medium,often,no,7.3,no,A
female,group A,master's degree,completed,52,61,67,60.0,19.9,64.0,medium,sometimes,yes,8.7,no,F
female,group D,some high school,completed,57,34,58,49.67,19.0,87.8,low,sometimes,no,5.2,no,F
female,group B,some college,completed,75,72,77,74.67,5.0,93.4,low,always,no,6.4,yes,C
male,group A,associate's degree,none,83,79,78,80.0,6.2,72.5,low,sometimes,yes,7.1,no,A
male,group E,associate's degree,none,91,85,100,92.0,15.6,79.0,medium,always,no,6.7,no,A
male,group E,high school,none,63,74,78,71.67,8.7,95.6,low,often,yes,8.4,yes,A
male,group B,master's degree,none,44,66,50,53.33,11.1,88.7,medium,sometimes,yes,7.4,no,F
female,group B,some high school,completed,92,77,72,80.33,29.5,76.8,medium,often,no,7.3,no,D
male,group C,associate's degree,none,79,74,73,75.33,27.6,77.3,low,sometimes,no,5.8,yes,B
male,group B,high school,completed,94,100,86,93.33,22.5,86.5,high,sometimes,yes,6.2,no,A
female,group C,bachelor's degree,completed,100,91,87,92.67,32.7,68.9,high,rarely,yes,9.0,yes,A
male,group D,associate's degree,none,100,100,94,98.0,30.9,94.4,low,often,no,6.6,yes,B
male,group C,associate's degree,completed,89,89,100,92.67,19.3,79.4,high,often,yes,6.4,no,A
male,group C,some high school,completed,54,66,68,62.67,23.7,67.8,medium,sometimes,yes,6.6,no,F
male,group C,master's degree,none,93,96,93,94.0,16.8,97.5,medium,sometimes,yes,7.9,no,B
female,group C,high school,completed,57,57,82,65.33,31.0,74.3,low,rarely,yes,6.2,no,B
male,group E,some high school,completed,80,92,77,83.0,24.4,86.4,medium,sometimes,no,7.5,no,C
female,group A,some high school,completed,76,65,78,73.0,32.6,87.9,low,often,no,6.0,no,D
male,group A,some high school,completed,60,54,44,52.67,12.4,62.1,low,sometimes,no,8.8,no,D
female,group A,some college,none,61,63,55,59.67,18.9,87.0,low,rarely,no,8.8,no,D
female,group D,master's degree,none,86,100,99,95.0,32.7,75.9,medium,sometimes,yes,8.8,yes,A
male,group A,associate's degree,none,100,80,88,89.33,17.2,82.7,high,always,yes,5.6,no,C
male,group B,associate's degree,none,100,94,84,92.67,2.1,76.6,low,always,no,7.9,yes,A
female,group C,some high school,completed,100,100,96,98.67,32.5,91.0,high,often,yes,7.3,no,B
female,group C,master's degree,none,39,35,38,37.33,25.5,61.6,low,rarely,yes,6.5,yes,F
female,group D,high school,completed,88,98,75,87.0,23.6,92.1,medium,often,yes,9.0,no,C
male,group E,high school,none,82,58,60,66.67,25.7,90.2,medium,sometimes,yes,5.4,no,D
female,group A,associate's degree,none,65,85,68,72.67,3.6,73.4,medium,rarely,no,7.0,yes,A
female,group D,some high school,completed,52,47,68,55.67,3.5,72.0,low,often,yes,7.1,no,C
female,group A,high school,none,100,96,100,98.67,34.9,73.2,medium,always,no,6.5,no,A
male,group B,some high school,none,100,79,88,89.0,20.5,78.0,medium,often,no,7.6,yes,A
male,group D,high school,none,94,100,80,91.33,17.5,72.6,low,often,yes,7.8,yes,A
female,group B,associate's degree,completed,88,100,100,96.0,30.9,90.7,high,often,yes,6.4,no,A
male,group D,associate's degree,completed,39,51,55,48.33,11.6,86.2,medium,rarely,yes,7.6,no,F
female,group E,high school,completed,84,94,77,85.0,30.9,97.1,high,sometimes,yes,7.1,no,F
female,group E,associate's degree,none,96,83,85,88.0,14.2,85.4,high,sometimes,no,5.1,no,C
female,group D,high school,completed,100,98,86,94.67,30.1,91.0,medium,often,no,6.2,yes,B
male,group E,master's degree,none,100,100,84,94.67,12.2,96.0,high,often,yes,7.8,yes,F
female,group A,some college,none,95,100,100,98.33,27.5,60.8,high,always,no,7.7,no,A
male,group A,associate's degree,completed,79,63,82,74.67,2.7,84.4,low,rarely,yes,6.5,no,B
female,group C,high school,completed,77,93,90,86.67,7.9,86.5,high,often,yes,7.7,yes,C
female,group A,bachelor's degree,completed,99,87,100,95.33,12.9,81.4,high,always,yes,5.2,no,A
female,group D,associate's degree,none,100,100,100,100.0,25.7,97.7,high,rarely,yes,7.8,no,B
female,group B,master's degree,none,94,87,90,90.33,23.2,61.2,high,sometimes,yes,7.9,no,D
male,group A,high school,completed,74,73,59,68.67,34.7,63.6,high,rarely,no,7.7,yes,D
female,group E,some college,completed,75,60,64,66.33,8.8,84.9,low,often,yes,5.5,no,D
male,group A,high school,none,70,74,75,73.0,33.1,69.1,high,rarely,no,6.6,no,F
female,group A,master's degree,none,62,79,77,72.67,27.6,69.1,high,sometimes,yes,5.1,yes,F
male,group D,bachelor's degree,none,78,71,71,73.33,3.5,93.5,low,often,yes,6.0,yes,C
female,group C,some college,completed,97,97,100,98.0,4.2,76.1,high,always,yes,8.1,yes,C
female,group B,master's degree,completed,96,81,96,91.0,33.1,70.7,low,often,no,6.8,yes,D
female,group E,master's degree,none,97,92,90,93.0,8.2,80.4,low,often,no,7.1,no,A
female,group B,some college,completed,86,77,73,78.67,30.9,66.8,low,sometimes,yes,6.7,yes,B
male,group D,some high school,completed,100,100,94,98.0,13.9,94.1,high,always,yes,7.2,yes,A
female,group C,some high school,completed,47,47,48,47.33,33.4,61.0,low,rarely,yes,6.5,no,F
male,group E,high school,none,85,71,93,83.0,22.2,77.5,medium,always,no,7.9,no,D
female,group A,associate's degree,completed,81,82,87,83.33,10.7,66.0,high,rarely,yes,5.4,yes,A
female,group E,some high school,none,66,65,87,72.67,11.3,84.2,high,often,yes,8.3,no,D
female,group D,master's degree,completed,78,81,89,82.67,2.3,95.2,medium,sometimes,yes,5.8,yes,D
female,group B,some college,none,71,70,83,74.67,21.4,72.7,low,sometimes,yes,7.2,yes,A
female,group E,bachelor's degree,completed,60,71,58,63.0,6.4,86.6,medium,sometimes,no,5.9,yes,D
male,group B,high school,completed,84,64,66,71.33,2.8,62.0,high,often,yes,8.8,yes,B
male,group E,associate's degree,completed,100,95,91,95.33,18.8,78.6,medium,rarely,no,8.8,yes,B
female,group C,some college,completed,70,65,92,75.67,13.8,97.9,high,sometimes,yes,7.4,no,F
male,group B,some college,none,52,76,55,61.0,12.4,77.7,medium,often,no,5.5,yes,F
female,group C,associate's degree,completed,81,77,98,85.33,31.3,89.2,low,often,yes,5.7,yes,D
female,group C,high school,none,84,69,86,79.67,15.3,75.9,medium,always,no,5.7,no,C
female,group E,some high school,completed,66,54,63,61.0,33.2,65.8,high,rarely,no,5.7,yes,F
male,group C,master's degree,completed,87,82,77,82.0,21.7,92.0,high,rarely,yes,5.5,yes,F
female,group E,high school,completed,85,100,91,92.0,27.4,77.2,high,often,no,8.0,yes,C
female,group B,bachelor's degree,none,91,100,97,96.0,34.4,74.0,low,always,yes,8.7,no,C
male,group B,bachelor's degree,completed,91,90,97,92.67,32.3,78.0,high,sometimes,no,8.0,yes,B
male,group D,some college,completed,88,75,98,87.0,26.9,84.2,low,always,yes,7.8,yes,C
female,group B,some high school,completed,84,83,88,85.0,34.7,76.3,high,often,no,5.0,no,D
male,group A,master's degree,none,70,58,67,65.0,10.4,90.5,low,often,no,7.8,yes,D
female,group C,bachelor's degree,completed,85,97,95,92.33,31.1,76.8,high,often,no,8.4,yes,F
female,group C,some college,none,46,55,52,51.0,15.2,64.8,medium,rarely,yes,6.7,no,B
male,group A,bachelor's degree,none,83,70,91,81.33,32.5,75.0,low,sometimes,yes,8.0,yes,C
male,group B,associate's degree,none,72,52,66,63.33,19.5,93.3,high,rarely,no,6.5,no,D
male,group E,high school,none,50,41,40,43.67,8.4,85.1,low,sometimes,yes,8.9,yes,F
male,group B,master's degree,completed,100,91,98,96.33,32.7,95.6,high,sometimes,yes,8.1,yes,C
male,group E,associate's degree,completed,78,100,83,87.0,18.0,93.3,high,often,yes,8.6,yes,D
female,group D,high school,completed,75,85,81,80.33,22.5,61.0,medium,sometimes,yes,6.6,no,B
female,group D,bachelor's degree,completed,100,95,100,98.33,31.9,94.8,low,always,no,6.0,yes,A
male,group B,bachelor's degree,none,42,18,22,27.33,3.1,65.3,low,rarely,yes,7.7,no,F
male,group E,bachelor's degree,completed,89,92,80,87.0,35.0,77.3,low,always,yes,7.8,yes,D
female,group C,some high school,none,64,52,59,58.33,29.4,84.1,low,always,no,6.6,no,F
male,group D,high school,none,59,40,43,47.33,13.3,76.0,medium,sometimes,yes,8.0,no,F
female,group C,high school,completed,64,61,82,69.0,28.0,81.8,high,rarely,yes,7.2,yes,D
